Current_Score,Average,Average_diff,Updated_Score,UPrate
48,1,10,24.0,-24.0
71,1,30,59.0,-12.0
64,5,50,70.0,6.0
56,4,10,56.3,0.29999999999999716
9,5,90,39.0,30.0
67,6,30,67.9,0.9000000000000057
48,4,30,48.3,0.29999999999999716
49,0,30,40.0,-9.0
34,6,50,43.0,9.0
10,2,10,7.0,-3.0
48,0,50,39.0,-9.0
81,4,10,82.3,1.2999999999999972
91,5,10,92.6,1.5999999999999943
23,3,50,23.0,0.0
16,6,50,43.0,27.0
22,4,10,25.0,3.0
27,6,50,36.0,9.0
42,4,90,49.0,7.0
96,1,90,90.0,-6.0
74,1,10,44.0,-30.0
6,1,90,5.4,-0.5999999999999996
57,2,30,54.0,-3.0
9,6,90,39.0,30.0
43,6,30,52.0,9.0
32,1,90,31.4,-0.6000000000000014
39,1,30,33.0,-6.0
20,5,70,39.0,19.0
10,6,30,37.0,27.0
47,0,90,46.1,-0.8999999999999986
100,4,90,100.0,0.0
92,0,50,83.0,-9.0
55,6,30,55.9,0.8999999999999986
68,1,10,38.0,-30.0
26,2,90,25.7,-0.3000000000000007
95,1,50,89.0,-6.0
88,6,50,88.9,0.9000000000000057
5,6,10,14.0,9.0
6,0,90,5.1,-0.9000000000000004
18,3,50,18.0,0.0
65,0,10,35.0,-30.0
45,2,30,42.0,-3.0
88,3,70,88.0,0.0
24,6,90,52.0,28.0
60,5,10,61.6,1.6000000000000014
60,1,30,48.0,-12.0
1,5,30,31.0,30.0
55,6,50,64.0,9.0
54,0,90,53.1,-0.8999999999999986
20,3,10,20.0,0.0
1,6,50,31.0,30.0
3,0,10,0.0,-3.0
10,1,50,9.4,-0.5999999999999996
80,4,50,80.3,0.29999999999999716
94,0,50,85.0,-9.0
31,4,30,34.0,3.0
2,3,30,2.0,0.0
41,4,10,41.3,0.29999999999999716
13,2,10,10.0,-3.0
71,6,90,80.0,9.0
50,0,50,41.0,-9.0
89,5,90,95.0,6.0
31,6,10,31.9,0.8999999999999986
16,5,90,46.0,30.0
5,0,90,4.1,-0.9000000000000004
53,0,50,44.0,-9.0
90,1,70,84.0,-6.0
6,4,30,21.0,15.0
48,6,50,57.0,9.0
23,4,10,26.0,3.0
80,2,10,57.0,-23.0
80,4,70,83.0,3.0
22,2,30,19.0,-3.0
12,5,90,42.0,30.0
41,6,50,50.0,9.0
26,6,10,26.9,0.8999999999999986
63,6,50,72.0,9.0
93,5,30,94.6,1.5999999999999943
73,1,30,61.0,-12.0
100,6,70,100.0,0.0
52,4,70,55.0,3.0
88,6,10,89.9,1.9000000000000057
87,4,90,90.0,3.0
94,4,50,94.3,0.29999999999999716
96,0,10,66.0,-30.0
86,4,10,87.3,1.2999999999999972
78,5,10,79.6,1.5999999999999943
31,0,50,30.1,-0.8999999999999986
82,1,90,76.0,-6.0
8,5,10,14.0,6.0
4,6,90,34.0,30.0
58,2,70,55.0,-3.0
100,2,70,97.0,-3.0
20,2,30,17.0,-3.0
79,4,70,82.0,3.0
95,4,70,95.3,0.29999999999999716
75,6,50,75.9,0.9000000000000057
9,2,30,8.7,-0.3000000000000007
36,3,50,36.0,0.0
51,0,90,50.1,-0.8999999999999986
18,0,90,17.1,-0.8999999999999986
7,3,90,9.0,2.0
70,4,90,73.0,3.0
41,1,50,35.0,-6.0
33,6,30,42.0,9.0
12,5,10,18.0,6.0
6,5,70,36.0,30.0
91,3,50,91.0,0.0
88,4,90,91.0,3.0
18,1,50,17.4,-0.6000000000000014
4,5,90,34.0,30.0
2,3,50,3.0,1.0
15,3,30,15.0,0.0
35,4,10,35.3,0.29999999999999716
27,3,10,27.0,0.0
60,5,30,60.6,0.6000000000000014
16,3,90,17.0,1.0
91,0,70,82.0,-9.0
17,3,70,18.0,1.0
77,1,90,71.0,-6.0
47,4,50,50.0,3.0
24,6,70,43.0,19.0
79,2,30,73.0,-6.0
96,0,90,87.0,-9.0
34,6,70,52.0,18.0
18,2,10,15.0,-3.0
25,5,90,44.0,19.0
58,5,70,64.0,6.0
49,5,30,49.6,0.6000000000000014
20,5,30,26.0,6.0
3,1,30,2.4,-0.6000000000000001
56,5,30,56.6,0.6000000000000014
7,0,30,6.1,-0.9000000000000004
1,3,50,2.0,1.0
87,0,10,57.0,-30.0
60,5,70,66.0,6.0
69,5,90,75.0,6.0
95,5,10,96.6,1.5999999999999943
91,3,70,91.0,0.0
17,6,90,47.0,30.0
12,3,50,12.0,0.0
36,1,90,35.4,-0.6000000000000014
88,1,10,58.0,-30.0
60,6,90,69.0,9.0
46,1,70,45.4,-0.6000000000000014
73,2,90,72.7,-0.29999999999999716
78,5,50,78.6,0.5999999999999943
68,2,30,62.0,-6.0
28,4,90,38.0,10.0
43,5,90,56.0,13.0
11,1,70,10.4,-0.5999999999999996
6,3,50,7.0,1.0
69,2,50,66.0,-3.0
61,2,30,55.0,-6.0
27,3,30,27.0,0.0
81,4,70,84.0,3.0
34,1,70,33.4,-0.6000000000000014
6,1,70,5.4,-0.5999999999999996
54,1,30,48.0,-6.0
1,6,10,10.0,9.0
54,3,30,54.0,0.0
77,0,50,68.0,-9.0
86,3,50,86.0,0.0
10,0,10,1.0,-9.0
76,6,30,76.9,0.9000000000000057
31,1,10,13.0,-18.0
25,0,50,24.1,-0.8999999999999986
42,2,30,39.0,-3.0
71,2,30,65.0,-6.0
72,2,90,71.7,-0.29999999999999716
44,0,30,35.0,-9.0
50,1,30,44.0,-6.0
20,2,90,19.7,-0.3000000000000007
14,1,70,13.4,-0.5999999999999996
30,6,50,39.0,9.0
52,3,10,52.0,0.0
91,0,10,61.0,-30.0
28,0,90,27.1,-0.8999999999999986
75,2,10,55.0,-20.0
25,0,10,7.0,-18.0
95,5,50,95.6,0.5999999999999943
98,5,30,99.6,1.5999999999999943
30,5,90,49.0,19.0
1,6,70,31.0,30.0
5,5,30,35.0,30.0
43,0,90,42.1,-0.8999999999999986
24,2,50,23.7,-0.3000000000000007
32,1,30,26.0,-6.0
45,2,50,42.0,-3.0
46,5,10,46.6,0.6000000000000014
83,4,50,83.3,0.29999999999999716
67,4,90,70.0,3.0
75,4,30,75.3,0.29999999999999716
94,5,30,95.6,1.5999999999999943
34,3,90,35.0,1.0
62,2,70,59.0,-3.0
99,5,90,100.0,1.0
71,5,70,77.0,6.0
47,2,30,44.0,-3.0
37,5,90,50.0,13.0
35,2,90,34.7,-0.29999999999999716
29,6,30,38.0,9.0
6,3,90,8.0,2.0
48,2,30,45.0,-3.0
40,6,10,40.9,0.8999999999999986
9,1,90,8.4,-0.5999999999999996
81,0,90,72.0,-9.0
85,5,70,85.6,0.5999999999999943
99,2,10,73.0,-26.0
89,5,50,89.6,0.5999999999999943
71,2,70,68.0,-3.0
69,2,90,68.7,-0.29999999999999716
13,2,50,12.7,-0.3000000000000007
91,3,90,91.0,0.0
93,0,30,67.0,-26.0
99,6,50,99.9,0.9000000000000057
99,1,10,69.0,-30.0
39,0,90,38.1,-0.8999999999999986
80,1,10,50.0,-30.0
82,4,10,83.3,1.2999999999999972
72,5,50,72.6,0.5999999999999943
38,5,50,44.0,6.0
26,1,30,20.0,-6.0
8,6,90,38.0,30.0
29,3,90,30.0,1.0
82,5,10,83.6,1.5999999999999943
57,1,10,27.0,-30.0
97,3,50,97.0,0.0
32,5,90,45.0,13.0
51,6,10,51.9,0.8999999999999986
52,4,10,52.3,0.29999999999999716
70,6,50,70.9,0.9000000000000057
46,2,50,43.0,-3.0
26,6,50,35.0,9.0
96,4,90,99.0,3.0
28,3,90,29.0,1.0
51,3,10,51.0,0.0
41,2,30,38.0,-3.0
52,5,70,58.0,6.0
3,2,10,0.0,-3.0
22,1,50,21.4,-0.6000000000000014
17,1,50,16.4,-0.6000000000000014
3,4,70,33.0,30.0
28,6,70,47.0,19.0
79,4,90,82.0,3.0
51,1,30,45.0,-6.0
50,1,10,20.0,-30.0
58,4,30,58.3,0.29999999999999716
24,0,10,15.0,-9.0
88,0,50,79.0,-9.0
46,3,70,46.0,0.0
38,0,10,11.0,-27.0
92,2,30,84.0,-8.0
51,0,50,42.0,-9.0
9,3,70,10.0,1.0
19,5,50,31.0,12.0
46,4,70,49.0,3.0
85,6,70,85.9,0.9000000000000057
40,1,70,39.4,-0.6000000000000014
23,5,70,42.0,19.0
53,3,10,53.0,0.0
31,2,30,28.0,-3.0
8,2,50,7.7,-0.2999999999999998
9,3,90,11.0,2.0
78,3,30,78.0,0.0
93,0,70,84.0,-9.0
65,3,90,65.0,0.0
23,4,90,33.0,10.0
66,1,50,60.0,-6.0
7,5,70,37.0,30.0
9,3,10,9.0,0.0
96,6,10,97.9,1.9000000000000057
16,2,70,15.7,-0.3000000000000007
12,6,10,21.0,9.0
29,3,50,29.0,0.0
5,6,90,35.0,30.0
10,1,30,9.4,-0.5999999999999996
13,4,70,29.0,16.0
91,6,70,91.9,0.9000000000000057
73,6,30,73.9,0.9000000000000057
55,4,10,55.3,0.29999999999999716
36,2,30,33.0,-3.0
50,6,90,60.0,10.0
3,6,50,33.0,30.0
94,3,50,94.0,0.0
7,5,90,37.0,30.0
21,1,10,15.0,-6.0
14,0,50,13.1,-0.9000000000000004
66,3,10,67.0,1.0
23,1,30,17.0,-6.0
91,2,90,88.0,-3.0
85,3,50,85.0,0.0
15,2,30,12.0,-3.0
2,1,90,1.4,-0.6000000000000001
14,1,30,13.4,-0.5999999999999996
65,3,70,65.0,0.0
79,5,50,79.6,0.5999999999999943
77,6,90,86.0,9.0
28,4,10,28.3,0.3000000000000007
14,4,70,30.0,16.0
54,6,10,54.9,0.8999999999999986
12,1,70,11.4,-0.5999999999999996
2,4,70,32.0,30.0
16,0,50,15.1,-0.9000000000000004
95,6,10,96.9,1.9000000000000057
32,5,70,44.0,12.0
27,0,50,26.1,-0.8999999999999986
74,5,70,80.0,6.0
46,5,50,52.0,6.0
27,3,90,28.0,1.0
77,1,50,71.0,-6.0
89,6,30,90.9,1.9000000000000057
91,6,10,92.9,1.9000000000000057
21,3,70,22.0,1.0
76,6,70,85.0,9.0
19,2,90,18.7,-0.3000000000000007
95,3,70,95.0,0.0
61,6,30,61.9,0.8999999999999986
15,4,30,18.0,3.0
42,5,50,48.0,6.0
6,2,70,5.7,-0.2999999999999998
75,0,50,66.0,-9.0
87,1,90,81.0,-6.0
39,3,10,39.0,0.0
62,4,10,63.3,1.2999999999999972
39,6,10,39.9,0.8999999999999986
12,5,30,24.0,12.0
7,6,10,16.0,9.0
56,5,90,62.0,6.0
27,2,30,24.0,-3.0
25,6,30,34.0,9.0
41,4,90,48.0,7.0
23,6,50,41.0,18.0
94,2,10,68.0,-26.0
60,5,50,66.0,6.0
63,1,90,62.4,-0.6000000000000014
25,3,50,25.0,0.0
5,2,50,4.7,-0.2999999999999998
37,2,30,34.0,-3.0
35,0,50,26.0,-9.0
31,0,70,30.1,-0.8999999999999986
49,0,90,48.1,-0.8999999999999986
8,2,30,7.7,-0.2999999999999998
45,1,30,39.0,-6.0
76,3,30,76.0,0.0
67,0,90,66.1,-0.9000000000000057
15,1,10,9.0,-6.0
67,5,70,73.0,6.0
46,1,90,45.4,-0.6000000000000014
64,3,30,64.0,0.0
35,6,50,44.0,9.0
57,0,70,48.0,-9.0
90,4,50,90.3,0.29999999999999716
6,0,70,5.1,-0.9000000000000004
53,6,10,53.9,0.8999999999999986
97,6,70,97.9,0.9000000000000057
59,2,70,56.0,-3.0
57,5,50,63.0,6.0
86,1,50,80.0,-6.0
30,2,10,21.0,-9.0
47,6,30,47.9,0.8999999999999986
53,4,50,56.0,3.0
26,4,50,29.0,3.0
41,5,10,41.6,0.6000000000000014
14,4,90,33.0,19.0
1,2,90,0.7,-0.30000000000000004
88,1,90,82.0,-6.0
5,6,70,35.0,30.0
23,2,30,20.0,-3.0
10,3,30,10.0,0.0
30,0,50,29.1,-0.8999999999999986
58,6,90,67.0,9.0
100,2,90,97.0,-3.0
32,0,90,31.1,-0.8999999999999986
57,3,70,57.0,0.0
12,0,50,11.1,-0.9000000000000004
68,2,70,65.0,-3.0
13,3,70,14.0,1.0
40,5,30,46.0,6.0
85,4,90,88.0,3.0
44,1,30,38.0,-6.0
40,6,50,49.0,9.0
10,1,90,9.4,-0.5999999999999996
27,3,50,27.0,0.0
56,5,10,56.6,0.6000000000000014
71,4,90,74.0,3.0
2,5,70,32.0,30.0
8,4,30,17.0,9.0
60,4,30,60.3,0.29999999999999716
60,6,30,60.9,0.8999999999999986
5,3,50,6.0,1.0
13,6,10,22.0,9.0
2,5,30,32.0,30.0
72,1,90,71.4,-0.5999999999999943
65,2,50,62.0,-3.0
8,1,90,7.4,-0.5999999999999996
69,0,30,51.0,-18.0
81,0,30,64.0,-17.0
70,1,10,40.0,-30.0
13,3,90,14.0,1.0
4,3,90,6.0,2.0
35,2,10,26.0,-9.0
39,5,30,45.0,6.0
8,3,70,9.0,1.0
49,3,50,49.0,0.0
31,4,10,31.3,0.3000000000000007
52,1,70,51.4,-0.6000000000000014
66,4,50,66.3,0.29999999999999716
82,4,70,85.0,3.0
14,6,30,32.0,18.0
48,2,50,45.0,-3.0
20,2,70,19.7,-0.3000000000000007
67,0,70,58.0,-9.0
3,3,70,4.0,1.0
31,4,90,38.0,7.0
86,3,70,86.0,0.0
36,0,30,27.0,-9.0
81,6,90,90.0,9.0
72,6,30,72.9,0.9000000000000057
53,1,30,47.0,-6.0
25,5,50,37.0,12.0
93,6,90,100.0,7.0
87,1,10,57.0,-30.0
91,1,30,74.0,-17.0
90,3,10,91.0,1.0
4,3,10,4.0,0.0
43,3,50,43.0,0.0
70,5,10,71.6,1.5999999999999943
69,4,10,70.3,1.2999999999999972
92,3,30,93.0,1.0
67,5,90,73.0,6.0
51,6,70,60.0,9.0
81,3,50,81.0,0.0
85,0,50,76.0,-9.0
9,0,70,8.1,-0.9000000000000004
31,3,50,31.0,0.0
8,5,90,38.0,30.0
97,4,70,97.3,0.29999999999999716
18,5,30,24.0,6.0
35,6,30,44.0,9.0
4,0,90,3.0999999999999996,-0.9000000000000004
33,0,70,32.1,-0.8999999999999986
70,6,30,70.9,0.9000000000000057
5,1,90,4.4,-0.5999999999999996
7,0,90,6.1,-0.9000000000000004
16,5,30,22.0,6.0
39,0,10,12.0,-27.0
83,2,90,80.0,-3.0
50,4,90,54.0,4.0
88,4,70,88.3,0.29999999999999716
87,6,70,87.9,0.9000000000000057
11,3,70,12.0,1.0
53,1,90,52.4,-0.6000000000000014
74,5,90,80.0,6.0
26,0,90,25.1,-0.8999999999999986
65,6,10,66.9,1.9000000000000057
95,3,10,96.0,1.0
88,5,10,89.6,1.5999999999999943
41,1,30,35.0,-6.0
71,1,90,70.4,-0.5999999999999943
65,6,90,74.0,9.0
24,1,50,23.4,-0.6000000000000014
2,2,10,0.0,-2.0
94,6,70,94.9,0.9000000000000057
73,3,30,73.0,0.0
81,4,50,81.3,0.29999999999999716
13,4,50,22.0,9.0
85,1,30,74.0,-11.0
7,1,70,6.4,-0.5999999999999996
49,2,30,46.0,-3.0
97,6,10,98.9,1.9000000000000057
50,2,30,47.0,-3.0
73,6,10,74.9,1.9000000000000057
87,2,10,64.0,-23.0
96,2,90,93.0,-3.0
10,3,50,11.0,1.0
8,1,30,7.4,-0.5999999999999996
11,0,90,10.1,-0.9000000000000004
79,6,50,79.9,0.9000000000000057
27,4,50,30.0,3.0
81,5,70,87.0,6.0
35,3,30,35.0,0.0
20,1,10,14.0,-6.0
79,0,10,49.0,-30.0
89,2,70,86.0,-3.0
50,6,50,59.0,9.0
52,6,10,52.9,0.8999999999999986
35,6,10,35.9,0.8999999999999986
76,2,70,73.0,-3.0
47,0,50,38.0,-9.0
37,2,50,34.0,-3.0
69,5,50,69.6,0.5999999999999943
22,5,30,28.0,6.0
12,4,70,28.0,16.0
36,5,30,42.0,6.0
73,2,10,53.0,-20.0
45,5,90,58.0,13.0
57,0,30,48.0,-9.0
25,6,90,53.0,28.0
47,1,30,41.0,-6.0
37,2,10,28.0,-9.0
35,4,30,38.0,3.0
1,0,10,0.0,-1.0
43,5,50,49.0,6.0
42,1,90,41.4,-0.6000000000000014
97,1,30,80.0,-17.0
17,2,70,16.7,-0.3000000000000007
41,6,30,50.0,9.0
85,3,10,86.0,1.0
52,0,30,43.0,-9.0
8,0,50,7.1,-0.9000000000000004
13,0,70,12.1,-0.9000000000000004
45,2,90,44.7,-0.29999999999999716
21,4,30,24.0,3.0
60,6,70,69.0,9.0
30,1,50,29.4,-0.6000000000000014
24,0,50,23.1,-0.8999999999999986
6,0,10,0.0,-6.0
8,6,70,38.0,30.0
75,6,10,76.9,1.9000000000000057
80,0,90,71.0,-9.0
31,6,90,50.0,19.0
45,3,30,45.0,0.0
64,4,90,67.0,3.0
12,6,30,30.0,18.0
66,1,70,60.0,-6.0
7,1,50,6.4,-0.5999999999999996
44,6,30,53.0,9.0
77,4,90,80.0,3.0
85,2,70,82.0,-3.0
65,4,10,66.3,1.2999999999999972
96,5,30,97.6,1.5999999999999943
98,1,90,92.0,-6.0
21,2,50,20.7,-0.3000000000000007
13,5,90,43.0,30.0
100,5,50,101.0,1.0
42,6,10,42.9,0.8999999999999986
23,3,10,23.0,0.0
13,2,70,12.7,-0.3000000000000007
28,1,50,27.4,-0.6000000000000014
11,4,30,17.0,6.0
83,1,70,77.0,-6.0
61,0,70,52.0,-9.0
47,5,50,53.0,6.0
18,0,30,9.0,-9.0
52,5,50,58.0,6.0
65,6,50,65.9,0.9000000000000057
60,2,50,57.0,-3.0
37,0,30,28.0,-9.0
33,5,90,46.0,13.0
8,0,30,7.1,-0.9000000000000004
15,3,10,15.0,0.0
82,2,10,59.0,-23.0
51,6,90,60.0,9.0
74,1,90,73.4,-0.5999999999999943
87,2,50,84.0,-3.0
53,3,90,53.0,0.0
80,5,90,86.0,6.0
17,0,90,16.1,-0.8999999999999986
63,2,70,60.0,-3.0
55,0,90,54.1,-0.8999999999999986
30,5,30,36.0,6.0
42,5,30,48.0,6.0
51,2,90,50.7,-0.29999999999999716
84,1,70,78.0,-6.0
41,2,90,40.7,-0.29999999999999716
77,5,90,83.0,6.0
14,6,10,23.0,9.0
57,4,70,60.0,3.0
100,3,50,101.0,1.0
8,2,70,7.7,-0.2999999999999998
52,2,10,37.0,-15.0
49,4,70,52.0,3.0
29,1,10,17.0,-12.0
84,5,90,90.0,6.0
73,2,70,70.0,-3.0
19,2,50,18.7,-0.3000000000000007
54,6,30,54.9,0.8999999999999986
25,4,50,31.0,6.0
98,2,90,95.0,-3.0
39,6,50,48.0,9.0
68,5,10,69.6,1.5999999999999943
51,5,90,57.0,6.0
44,6,50,53.0,9.0
96,3,90,96.0,0.0
9,3,30,9.0,0.0
88,2,10,65.0,-23.0
15,3,50,15.0,0.0
1,1,50,0.3999999999999999,-0.6000000000000001
55,5,10,55.6,0.6000000000000014
77,6,30,77.9,0.9000000000000057
98,3,70,98.0,0.0
70,0,10,40.0,-30.0
40,4,10,40.3,0.29999999999999716
53,2,10,38.0,-15.0
97,2,70,94.0,-3.0
39,6,30,48.0,9.0
32,5,10,32.6,0.6000000000000014
31,2,90,30.7,-0.3000000000000007
3,5,30,33.0,30.0
26,3,70,27.0,1.0
22,0,30,13.0,-9.0
27,5,50,33.0,6.0
50,4,10,50.3,0.29999999999999716
1,5,10,7.0,6.0
64,6,70,73.0,9.0
24,4,90,34.0,10.0
69,0,10,39.0,-30.0
30,5,50,36.0,6.0
100,5,70,100.0,0.0
63,1,30,51.0,-12.0
50,6,30,50.9,0.8999999999999986
2,6,50,32.0,30.0
69,6,50,69.9,0.9000000000000057
24,2,70,23.7,-0.3000000000000007
47,3,30,47.0,0.0
95,1,10,65.0,-30.0
30,0,70,29.1,-0.8999999999999986
1,6,30,31.0,30.0
100,4,50,101.0,1.0
82,3,30,83.0,1.0
18,3,10,18.0,0.0
57,2,50,54.0,-3.0
93,4,70,93.3,0.29999999999999716
10,5,70,40.0,30.0
61,6,50,70.0,9.0
55,5,30,55.6,0.6000000000000014
82,6,30,83.9,1.9000000000000057
83,0,30,66.0,-17.0
88,0,30,71.0,-17.0
92,2,10,66.0,-26.0
24,0,90,23.1,-0.8999999999999986
72,6,10,73.9,1.9000000000000057
81,5,50,81.6,0.5999999999999943
69,1,90,68.4,-0.5999999999999943
94,5,50,94.6,0.5999999999999943
17,3,30,17.0,0.0
90,6,50,90.9,0.9000000000000057
63,5,10,64.6,1.5999999999999943
95,2,90,92.0,-3.0
64,2,70,61.0,-3.0
16,0,70,15.1,-0.9000000000000004
6,0,30,5.1,-0.9000000000000004
41,2,50,38.0,-3.0
13,0,50,12.1,-0.9000000000000004
34,4,70,40.0,6.0
45,6,50,54.0,9.0
95,4,30,96.3,1.2999999999999972
94,5,90,100.0,6.0
24,2,30,21.0,-3.0
81,1,10,51.0,-30.0
9,1,70,8.4,-0.5999999999999996
85,6,30,86.9,1.9000000000000057
67,3,10,68.0,1.0
71,3,90,71.0,0.0
38,5,10,38.6,0.6000000000000014
6,0,50,5.1,-0.9000000000000004
22,4,90,35.0,13.0
31,1,50,30.4,-0.6000000000000014
73,6,90,82.0,9.0
67,5,10,68.6,1.5999999999999943
11,4,10,14.0,3.0
41,3,90,42.0,1.0
18,0,70,17.1,-0.8999999999999986
61,5,50,67.0,6.0
21,5,90,46.0,25.0
87,5,70,87.6,0.5999999999999943
96,6,90,100.0,4.0
34,3,30,34.0,0.0
44,6,90,63.0,19.0
78,2,30,72.0,-6.0
5,0,30,4.1,-0.9000000000000004
52,5,30,52.6,0.6000000000000014
20,0,10,11.0,-9.0
82,4,50,82.3,0.29999999999999716
59,5,90,65.0,6.0
19,4,90,32.0,13.0
14,3,30,14.0,0.0
30,2,50,29.7,-0.3000000000000007
52,0,70,51.1,-0.8999999999999986
86,2,70,83.0,-3.0
22,3,50,22.0,0.0
75,2,30,69.0,-6.0
85,1,70,79.0,-6.0
32,6,50,41.0,9.0
6,4,10,9.0,3.0
16,1,50,15.4,-0.5999999999999996
91,5,90,97.0,6.0
62,1,90,61.4,-0.6000000000000014
79,3,30,79.0,0.0
61,3,10,62.0,1.0
30,1,70,29.4,-0.6000000000000014
16,6,10,25.0,9.0
67,1,90,66.4,-0.5999999999999943
84,3,10,85.0,1.0
65,2,10,48.0,-17.0
90,2,50,87.0,-3.0
22,1,90,21.4,-0.6000000000000014
19,0,30,10.0,-9.0
45,3,50,45.0,0.0
64,1,70,58.0,-6.0
5,4,50,35.0,30.0
29,4,30,32.0,3.0
50,0,70,49.1,-0.8999999999999986
29,4,70,36.0,7.0
36,1,70,35.4,-0.6000000000000014
30,2,90,29.7,-0.3000000000000007
16,4,50,25.0,9.0
71,0,70,62.0,-9.0
83,3,90,83.0,0.0
95,4,10,96.3,1.2999999999999972
17,1,70,16.4,-0.6000000000000014
62,4,90,65.0,3.0
97,4,90,100.0,3.0
27,6,10,27.9,0.8999999999999986
66,0,90,65.1,-0.9000000000000057
18,3,30,18.0,0.0
54,2,90,53.7,-0.29999999999999716
92,5,10,93.6,1.5999999999999943
47,0,30,38.0,-9.0
79,4,30,79.3,0.29999999999999716
22,4,30,25.0,3.0
76,1,50,70.0,-6.0
17,4,30,20.0,3.0
56,3,30,56.0,0.0
48,1,70,47.4,-0.6000000000000014
28,6,30,37.0,9.0
3,0,70,2.0999999999999996,-0.9000000000000004
2,2,70,1.7,-0.30000000000000004
93,2,30,85.0,-8.0
96,2,70,93.0,-3.0
94,1,10,64.0,-30.0
90,1,50,84.0,-6.0
56,4,90,59.0,3.0
84,6,50,84.9,0.9000000000000057
34,1,90,33.4,-0.6000000000000014
77,5,10,78.6,1.5999999999999943
58,0,10,28.0,-30.0
67,2,70,64.0,-3.0
43,2,10,31.0,-12.0
43,4,90,50.0,7.0
29,5,30,35.0,6.0
17,2,50,16.7,-0.3000000000000007
58,0,90,57.1,-0.8999999999999986
81,0,50,72.0,-9.0
32,6,30,41.0,9.0
30,3,50,30.0,0.0
62,1,10,32.0,-30.0
64,5,70,70.0,6.0
28,0,70,27.1,-0.8999999999999986
71,1,70,65.0,-6.0
50,3,50,50.0,0.0
97,6,90,100.0,3.0
96,1,10,66.0,-30.0
77,3,70,77.0,0.0
87,5,10,88.6,1.5999999999999943
93,2,10,67.0,-26.0
8,2,90,7.7,-0.2999999999999998
99,0,50,90.0,-9.0
50,5,50,56.0,6.0
91,1,90,85.0,-6.0
73,1,50,67.0,-6.0
42,6,70,51.0,9.0
22,5,90,47.0,25.0
80,5,50,80.6,0.5999999999999943
54,4,70,57.0,3.0
77,6,50,77.9,0.9000000000000057
91,5,70,91.6,0.5999999999999943
38,2,90,37.7,-0.29999999999999716
68,0,10,38.0,-30.0
24,1,30,18.0,-6.0
30,4,50,33.0,3.0
82,3,50,82.0,0.0
33,2,50,32.7,-0.29999999999999716
79,5,70,85.0,6.0
48,2,90,47.7,-0.29999999999999716
60,3,90,60.0,0.0
86,4,50,86.3,0.29999999999999716
42,3,50,42.0,0.0
60,6,50,69.0,9.0
65,3,50,65.0,0.0
77,1,10,47.0,-30.0
99,4,30,100.3,1.2999999999999972
4,0,70,3.0999999999999996,-0.9000000000000004
76,1,70,70.0,-6.0
73,6,70,82.0,9.0
81,2,10,58.0,-23.0
10,0,70,9.1,-0.9000000000000004
2,4,90,32.0,30.0
24,1,10,18.0,-6.0
47,0,70,46.1,-0.8999999999999986
31,3,70,31.0,0.0
36,1,30,30.0,-6.0
98,3,50,98.0,0.0
70,4,70,73.0,3.0
22,6,10,31.0,9.0
25,1,50,24.4,-0.6000000000000014
44,1,90,43.4,-0.6000000000000014
70,1,30,58.0,-12.0
100,3,30,101.0,1.0
89,0,90,80.0,-9.0
21,5,50,33.0,12.0
25,4,90,35.0,10.0
93,0,90,84.0,-9.0
7,2,10,4.0,-3.0
73,4,50,73.3,0.29999999999999716
17,4,50,23.0,6.0
89,4,10,90.3,1.2999999999999972
44,5,50,50.0,6.0
34,1,30,28.0,-6.0
2,4,30,32.0,30.0
6,2,50,5.7,-0.2999999999999998
60,0,90,59.1,-0.8999999999999986
58,3,30,58.0,0.0
68,4,30,68.3,0.29999999999999716
89,1,90,83.0,-6.0
14,2,70,13.7,-0.3000000000000007
39,2,90,38.7,-0.29999999999999716
84,0,30,67.0,-17.0
63,3,10,64.0,1.0
7,3,30,7.0,0.0
16,2,10,13.0,-3.0
61,5,30,61.6,0.6000000000000014
56,5,70,62.0,6.0
34,0,90,33.1,-0.8999999999999986
45,2,70,44.7,-0.29999999999999716
71,1,50,65.0,-6.0
84,4,10,85.3,1.2999999999999972
30,3,90,31.0,1.0
77,1,30,65.0,-12.0
93,3,50,93.0,0.0
2,6,90,32.0,30.0
21,6,90,51.0,30.0
47,0,10,17.0,-30.0
91,5,50,91.6,0.5999999999999943
88,3,90,88.0,0.0
11,5,30,23.0,12.0
13,3,30,13.0,0.0
68,2,10,51.0,-17.0
59,0,90,58.1,-0.8999999999999986
46,1,10,22.0,-24.0
6,6,70,36.0,30.0
83,1,30,72.0,-11.0
17,1,10,11.0,-6.0
9,6,70,39.0,30.0
18,1,30,12.0,-6.0
7,4,70,37.0,30.0
48,1,50,42.0,-6.0
81,6,70,90.0,9.0
97,3,90,97.0,0.0
1,2,50,0.7,-0.30000000000000004
4,1,30,3.4,-0.6000000000000001
65,5,70,71.0,6.0
55,1,50,49.0,-6.0
46,0,70,45.1,-0.8999999999999986
70,2,10,50.0,-20.0
100,6,10,101.0,1.0
42,4,50,45.0,3.0
14,3,50,14.0,0.0
59,1,50,53.0,-6.0
24,5,30,30.0,6.0
57,6,50,66.0,9.0
32,3,90,33.0,1.0
91,4,70,91.3,0.29999999999999716
41,5,30,47.0,6.0
45,1,10,21.0,-24.0
43,6,70,52.0,9.0
73,1,90,72.4,-0.5999999999999943
46,6,90,56.0,10.0
19,5,10,25.0,6.0
46,6,70,55.0,9.0
11,2,30,10.7,-0.3000000000000007
4,6,10,13.0,9.0
70,3,10,71.0,1.0
89,0,50,80.0,-9.0
33,5,30,39.0,6.0
97,3,70,97.0,0.0
11,3,30,11.0,0.0
63,0,30,45.0,-18.0
74,4,90,77.0,3.0
1,5,90,31.0,30.0
84,1,50,78.0,-6.0
1,4,50,31.0,30.0
94,0,70,85.0,-9.0
99,3,30,100.0,1.0
31,5,10,31.6,0.6000000000000014
79,5,10,80.6,1.5999999999999943
20,6,10,29.0,9.0
99,4,50,99.3,0.29999999999999716
21,0,10,12.0,-9.0
13,0,10,4.0,-9.0
20,3,50,20.0,0.0
55,2,90,54.7,-0.29999999999999716
14,1,10,8.0,-6.0
2,1,70,1.4,-0.6000000000000001
3,3,50,4.0,1.0
49,4,50,52.0,3.0
40,6,70,49.0,9.0
98,6,10,99.9,1.9000000000000057
17,0,30,8.0,-9.0
9,0,50,8.1,-0.9000000000000004
98,5,10,99.6,1.5999999999999943
92,0,70,83.0,-9.0
51,3,30,51.0,0.0
95,6,30,96.9,1.9000000000000057
42,1,50,36.0,-6.0
14,2,10,11.0,-3.0
35,1,30,29.0,-6.0
46,1,50,40.0,-6.0
25,3,90,26.0,1.0
16,1,70,15.4,-0.5999999999999996
82,3,10,83.0,1.0
82,4,30,83.3,1.2999999999999972
62,4,50,65.0,3.0
53,5,90,59.0,6.0
99,6,30,100.9,1.9000000000000057
84,0,10,54.0,-30.0
48,4,50,51.0,3.0
71,5,10,72.6,1.5999999999999943
33,3,10,33.0,0.0
99,3,70,99.0,0.0
71,4,10,72.3,1.2999999999999972
87,2,90,84.0,-3.0
39,4,30,42.0,3.0
26,5,70,39.0,13.0
19,1,50,18.4,-0.6000000000000014
42,4,30,45.0,3.0
57,5,10,57.6,0.6000000000000014
99,6,10,100.9,1.9000000000000057
97,5,50,97.6,0.5999999999999943
74,2,30,68.0,-6.0
97,0,90,88.0,-9.0
31,5,70,43.0,12.0
72,0,70,63.0,-9.0
53,0,10,23.0,-30.0
7,2,30,6.7,-0.2999999999999998
16,3,70,17.0,1.0
63,2,30,57.0,-6.0
100,1,10,70.0,-30.0
26,2,50,25.7,-0.3000000000000007
72,4,90,75.0,3.0
20,4,10,23.0,3.0
77,3,90,77.0,0.0
29,2,10,23.0,-6.0
63,0,10,33.0,-30.0
41,5,50,47.0,6.0
72,3,10,73.0,1.0
23,3,90,24.0,1.0
89,1,50,83.0,-6.0
32,4,70,38.0,6.0
66,4,90,69.0,3.0
62,0,70,53.0,-9.0
80,2,70,77.0,-3.0
95,0,90,86.0,-9.0
31,4,70,37.0,6.0
74,3,70,74.0,0.0
50,2,90,49.7,-0.29999999999999716
8,5,50,38.0,30.0
97,3,30,98.0,1.0
15,6,30,24.0,9.0
15,6,50,42.0,27.0
59,6,70,68.0,9.0
43,3,70,43.0,0.0
95,6,70,95.9,0.9000000000000057
72,0,30,54.0,-18.0
36,0,70,35.1,-0.8999999999999986
11,0,10,2.0,-9.0
36,6,10,36.9,0.8999999999999986
44,1,10,20.0,-24.0
45,5,30,45.6,0.6000000000000014
79,1,30,67.0,-12.0
43,1,50,37.0,-6.0
78,1,50,72.0,-6.0
34,3,70,34.0,0.0
19,4,30,22.0,3.0
84,0,90,75.0,-9.0
77,0,70,68.0,-9.0
94,6,10,95.9,1.9000000000000057
87,2,30,82.0,-5.0
93,4,90,96.0,3.0
70,1,50,64.0,-6.0
65,1,90,64.4,-0.5999999999999943
60,1,70,54.0,-6.0
54,1,50,48.0,-6.0
5,5,70,35.0,30.0
84,2,30,79.0,-5.0
50,6,70,59.0,9.0
93,5,70,93.6,0.5999999999999943
33,1,70,32.4,-0.6000000000000014
23,6,70,51.0,28.0
82,5,50,82.6,0.5999999999999943
28,3,50,28.0,0.0
28,0,10,10.0,-18.0
14,1,50,13.4,-0.5999999999999996
53,1,10,23.0,-30.0
64,2,30,58.0,-6.0
57,3,90,57.0,0.0
68,6,90,77.0,9.0
32,4,10,32.3,0.29999999999999716
99,4,70,99.3,0.29999999999999716
51,5,50,57.0,6.0
75,4,10,76.3,1.2999999999999972
7,1,90,6.4,-0.5999999999999996
11,3,50,11.0,0.0
93,3,90,93.0,0.0
99,6,70,99.9,0.9000000000000057
16,4,90,32.0,16.0
87,5,50,87.6,0.5999999999999943
72,3,70,72.0,0.0
52,3,30,52.0,0.0
11,0,30,10.1,-0.9000000000000004
39,4,50,42.0,3.0
23,0,50,22.1,-0.8999999999999986
96,2,30,88.0,-8.0
64,6,30,64.9,0.9000000000000057
15,0,10,6.0,-9.0
90,4,30,91.3,1.2999999999999972
79,6,30,79.9,0.9000000000000057
15,1,70,14.4,-0.5999999999999996
66,2,10,49.0,-17.0
7,0,10,0.0,-7.0
34,4,10,34.3,0.29999999999999716
13,3,10,13.0,0.0
19,4,10,22.0,3.0
7,3,50,8.0,1.0
11,3,10,11.0,0.0
95,3,30,96.0,1.0
8,6,30,35.0,27.0
67,4,10,68.3,1.2999999999999972
38,4,10,38.3,0.29999999999999716
12,4,50,24.0,12.0
33,3,70,33.0,0.0
40,2,50,37.0,-3.0
25,0,90,24.1,-0.8999999999999986
50,4,50,53.0,3.0
61,3,70,61.0,0.0
48,5,10,48.6,0.6000000000000014
55,3,50,55.0,0.0
46,3,50,46.0,0.0
74,0,10,44.0,-30.0
33,2,90,32.7,-0.29999999999999716
96,0,70,87.0,-9.0
36,6,70,45.0,9.0
54,2,50,51.0,-3.0
27,6,90,55.0,28.0
6,4,90,36.0,30.0
77,2,10,57.0,-20.0
36,5,70,42.0,6.0
23,6,30,32.0,9.0
61,2,50,58.0,-3.0
40,1,90,39.4,-0.6000000000000014
80,0,10,50.0,-30.0
7,4,30,19.0,12.0
32,4,30,35.0,3.0
52,1,30,46.0,-6.0
54,3,50,54.0,0.0
55,3,90,55.0,0.0
78,6,30,78.9,0.9000000000000057
37,0,70,36.1,-0.8999999999999986
96,3,10,97.0,1.0
56,0,90,55.1,-0.8999999999999986
55,1,30,49.0,-6.0
3,6,90,33.0,30.0
75,3,30,75.0,0.0
42,0,30,33.0,-9.0
84,5,50,84.6,0.5999999999999943
83,5,10,84.6,1.5999999999999943
44,0,50,35.0,-9.0
37,1,70,36.4,-0.6000000000000014
34,5,30,40.0,6.0
77,4,70,80.0,3.0
61,2,90,60.7,-0.29999999999999716
32,2,50,31.7,-0.3000000000000007
41,0,70,40.1,-0.8999999999999986
75,1,10,45.0,-30.0
43,4,30,46.0,3.0
98,4,30,99.3,1.2999999999999972
51,3,50,51.0,0.0
37,3,70,37.0,0.0
85,1,50,79.0,-6.0
29,2,90,28.7,-0.3000000000000007
14,1,90,13.4,-0.5999999999999996
93,6,70,93.9,0.9000000000000057
89,4,70,89.3,0.29999999999999716
81,3,70,81.0,0.0
51,2,10,36.0,-15.0
61,3,90,61.0,0.0
95,0,70,86.0,-9.0
7,0,50,6.1,-0.9000000000000004
30,4,30,33.0,3.0
97,5,70,97.6,0.5999999999999943
26,5,10,26.6,0.6000000000000014
37,6,50,46.0,9.0
38,0,70,37.1,-0.8999999999999986
22,1,30,16.0,-6.0
88,6,90,97.0,9.0
78,5,30,78.6,0.5999999999999943
69,4,50,69.3,0.29999999999999716
15,3,90,16.0,1.0
18,0,50,17.1,-0.8999999999999986
76,0,70,67.0,-9.0
29,0,30,20.0,-9.0
80,0,30,63.0,-17.0
89,0,70,80.0,-9.0
15,5,70,40.0,25.0
34,0,50,33.1,-0.8999999999999986
22,6,50,40.0,18.0
67,3,70,67.0,0.0
92,6,10,93.9,1.9000000000000057
4,3,70,5.0,1.0
47,2,10,35.0,-12.0
50,5,90,57.0,7.0
24,2,90,23.7,-0.3000000000000007
3,6,10,12.0,9.0
89,0,10,59.0,-30.0
93,3,10,94.0,1.0
77,3,50,77.0,0.0
88,3,30,89.0,1.0
32,3,70,32.0,0.0
37,4,70,40.0,3.0
75,0,30,57.0,-18.0
81,0,70,72.0,-9.0
74,5,50,74.6,0.5999999999999943
70,0,50,61.0,-9.0
78,3,70,78.0,0.0
29,0,50,28.1,-0.8999999999999986
14,0,30,13.1,-0.9000000000000004
75,4,90,78.0,3.0
72,2,10,52.0,-20.0
11,6,30,29.0,18.0
94,1,70,88.0,-6.0
81,2,50,78.0,-3.0
62,2,90,61.7,-0.29999999999999716
29,6,10,29.9,0.8999999999999986
36,2,50,33.0,-3.0
55,5,70,61.0,6.0
19,6,50,37.0,18.0
38,3,70,38.0,0.0
91,4,50,91.3,0.29999999999999716
40,5,50,46.0,6.0
56,4,50,59.0,3.0
79,3,90,79.0,0.0
77,2,50,74.0,-3.0
53,2,70,52.7,-0.29999999999999716
25,1,10,13.0,-12.0
16,3,50,16.0,0.0
84,4,50,84.3,0.29999999999999716
65,0,90,64.1,-0.9000000000000057
82,1,30,71.0,-11.0
32,3,50,32.0,0.0
71,5,30,71.6,0.5999999999999943
40,0,30,31.0,-9.0
49,6,50,58.0,9.0
41,4,50,44.0,3.0
63,3,30,63.0,0.0
40,2,70,39.7,-0.29999999999999716
30,6,70,49.0,19.0
72,2,30,66.0,-6.0
65,1,50,59.0,-6.0
52,0,90,51.1,-0.8999999999999986
54,4,50,57.0,3.0
7,5,50,37.0,30.0
43,4,10,43.3,0.29999999999999716
48,3,10,48.0,0.0
33,2,70,32.7,-0.29999999999999716
66,3,70,66.0,0.0
69,4,70,72.0,3.0
5,4,70,35.0,30.0
41,5,90,54.0,13.0
8,1,50,7.4,-0.5999999999999996
89,4,30,90.3,1.2999999999999972
60,6,10,61.9,1.8999999999999986
27,4,10,27.3,0.3000000000000007
50,5,70,56.0,6.0
71,0,50,62.0,-9.0
47,1,10,23.0,-24.0
40,2,30,37.0,-3.0
48,4,10,48.3,0.29999999999999716
54,4,30,54.3,0.29999999999999716
54,3,70,54.0,0.0
32,1,10,14.0,-18.0
80,6,10,81.9,1.9000000000000057
17,6,70,47.0,30.0
20,2,50,19.7,-0.3000000000000007
2,1,30,1.4,-0.6000000000000001
71,5,50,71.6,0.5999999999999943
40,6,90,59.0,19.0
71,3,50,71.0,0.0
7,6,70,37.0,30.0
33,0,90,32.1,-0.8999999999999986
70,5,30,70.6,0.5999999999999943
41,4,70,44.0,3.0
35,4,70,41.0,6.0
8,3,30,8.0,0.0
36,2,10,27.0,-9.0
24,5,90,43.0,19.0
78,1,90,72.0,-6.0
73,5,10,74.6,1.5999999999999943
56,5,50,62.0,6.0
41,0,50,32.0,-9.0
10,5,10,16.0,6.0
42,4,10,42.3,0.29999999999999716
22,2,70,21.7,-0.3000000000000007
86,3,10,87.0,1.0
14,5,10,20.0,6.0
37,5,70,43.0,6.0
54,1,10,24.0,-30.0
45,5,10,45.6,0.6000000000000014
23,2,70,22.7,-0.3000000000000007
99,0,10,69.0,-30.0
42,3,10,42.0,0.0
66,5,50,66.6,0.5999999999999943
93,1,90,87.0,-6.0
72,1,10,42.0,-30.0
63,4,90,66.0,3.0
58,1,50,52.0,-6.0
70,2,30,64.0,-6.0
67,1,10,37.0,-30.0
90,4,10,91.3,1.2999999999999972
52,3,70,52.0,0.0
45,3,70,45.0,0.0
33,1,50,32.4,-0.6000000000000014
18,6,30,27.0,9.0
10,6,50,40.0,30.0
65,0,30,47.0,-18.0
86,1,90,80.0,-6.0
28,6,90,56.0,28.0
87,1,30,76.0,-11.0
44,1,70,43.4,-0.6000000000000014
27,0,30,18.0,-9.0
63,5,30,63.6,0.6000000000000014
19,0,50,18.1,-0.8999999999999986
77,2,70,74.0,-3.0
13,5,10,19.0,6.0
18,4,50,24.0,6.0
89,1,10,59.0,-30.0
43,1,10,19.0,-24.0
59,4,70,62.0,3.0
69,0,50,60.0,-9.0
97,1,70,91.0,-6.0
61,2,10,44.0,-17.0
50,1,70,49.4,-0.6000000000000014
11,0,70,10.1,-0.9000000000000004
36,1,50,30.0,-6.0
18,3,70,19.0,1.0
58,4,70,61.0,3.0
39,1,70,38.4,-0.6000000000000014
59,5,50,65.0,6.0
53,5,30,53.6,0.6000000000000014
64,3,70,64.0,0.0
2,4,50,32.0,30.0
99,3,90,99.0,0.0
58,6,70,67.0,9.0
74,2,50,71.0,-3.0
84,3,30,85.0,1.0
70,1,70,64.0,-6.0
72,4,30,72.3,0.29999999999999716
75,2,70,72.0,-3.0
94,6,30,95.9,1.9000000000000057
66,2,90,65.7,-0.29999999999999716
41,4,30,44.0,3.0
17,0,10,8.0,-9.0
21,1,50,20.4,-0.6000000000000014
65,2,90,64.7,-0.29999999999999716
13,0,90,12.1,-0.9000000000000004
32,1,70,31.4,-0.6000000000000014
19,3,50,19.0,0.0
3,0,50,2.0999999999999996,-0.9000000000000004
63,1,50,57.0,-6.0
42,6,50,51.0,9.0
39,2,10,30.0,-9.0
29,5,10,29.6,0.6000000000000014
18,5,10,24.0,6.0
56,3,10,56.0,0.0
48,2,10,36.0,-12.0
16,5,70,41.0,25.0
64,4,50,67.0,3.0
76,5,70,82.0,6.0
92,1,30,75.0,-17.0
56,0,10,26.0,-30.0
29,3,70,30.0,1.0
49,1,70,48.4,-0.6000000000000014
57,4,10,57.3,0.29999999999999716
46,6,30,46.9,0.8999999999999986
92,3,70,92.0,0.0
100,3,10,101.0,1.0
79,4,50,79.3,0.29999999999999716
70,0,90,69.1,-0.9000000000000057
13,4,10,16.0,3.0
15,3,70,16.0,1.0
32,3,10,32.0,0.0
17,5,90,47.0,30.0
85,0,30,68.0,-17.0
19,3,90,20.0,1.0
92,1,10,62.0,-30.0
59,2,50,56.0,-3.0
97,3,10,98.0,1.0
83,4,10,84.3,1.2999999999999972
48,1,30,42.0,-6.0
19,6,10,28.0,9.0
19,0,10,10.0,-9.0
50,3,30,50.0,0.0
58,4,10,58.3,0.29999999999999716
39,4,10,39.3,0.29999999999999716
14,5,50,32.0,18.0
98,6,70,98.9,0.9000000000000057
86,2,90,83.0,-3.0
44,0,90,43.1,-0.8999999999999986
70,5,70,76.0,6.0
65,5,90,71.0,6.0
60,4,50,63.0,3.0
25,3,30,25.0,0.0
36,0,10,9.0,-27.0
35,0,10,8.0,-27.0
52,4,50,55.0,3.0
16,1,10,10.0,-6.0
68,0,70,59.0,-9.0
2,2,90,1.7,-0.30000000000000004
80,2,30,75.0,-5.0
25,3,70,26.0,1.0
64,4,30,64.3,0.29999999999999716
31,4,50,34.0,3.0
21,3,90,22.0,1.0
47,2,90,46.7,-0.29999999999999716
97,6,30,98.9,1.9000000000000057
76,1,10,46.0,-30.0
66,2,70,63.0,-3.0
58,3,90,58.0,0.0
72,1,70,66.0,-6.0
51,5,70,57.0,6.0
75,3,90,75.0,0.0
42,3,90,43.0,1.0
74,6,10,75.9,1.9000000000000057
91,1,10,61.0,-30.0
69,6,70,78.0,9.0
64,1,10,34.0,-30.0
40,1,10,16.0,-24.0
66,4,70,69.0,3.0
72,4,50,72.3,0.29999999999999716
35,1,10,17.0,-18.0
46,0,50,37.0,-9.0
88,4,30,89.3,1.2999999999999972
97,1,90,91.0,-6.0
9,3,50,10.0,1.0
47,6,50,56.0,9.0
37,0,90,36.1,-0.8999999999999986
91,5,30,92.6,1.5999999999999943
28,2,70,27.7,-0.3000000000000007
83,2,50,80.0,-3.0
72,6,50,72.9,0.9000000000000057
43,6,50,52.0,9.0
61,3,50,61.0,0.0
37,5,30,43.0,6.0
10,6,90,40.0,30.0
57,0,90,56.1,-0.8999999999999986
19,2,70,18.7,-0.3000000000000007
85,2,30,80.0,-5.0
94,1,30,77.0,-17.0
20,0,90,19.1,-0.8999999999999986
74,6,30,74.9,0.9000000000000057
82,6,50,82.9,0.9000000000000057
56,4,70,59.0,3.0
34,4,90,41.0,7.0
84,5,10,85.6,1.5999999999999943
92,4,10,93.3,1.2999999999999972
80,0,70,71.0,-9.0
83,4,90,86.0,3.0
60,3,10,61.0,1.0
39,5,50,45.0,6.0
23,3,30,23.0,0.0
90,5,50,90.6,0.5999999999999943
5,0,10,0.0,-5.0
23,3,70,24.0,1.0
10,1,70,9.4,-0.5999999999999996
68,6,50,68.9,0.9000000000000057
21,2,90,20.7,-0.3000000000000007
89,2,90,86.0,-3.0
64,4,70,67.0,3.0
58,3,70,58.0,0.0
47,1,70,46.4,-0.6000000000000014
74,4,30,74.3,0.29999999999999716
43,2,70,42.7,-0.29999999999999716
18,4,70,28.0,10.0
12,4,30,18.0,6.0
46,5,30,46.6,0.6000000000000014
47,2,70,46.7,-0.29999999999999716
96,0,30,70.0,-26.0
83,1,50,77.0,-6.0
61,4,90,64.0,3.0
15,1,50,14.4,-0.5999999999999996
94,2,50,91.0,-3.0
10,5,50,40.0,30.0
66,0,30,48.0,-18.0
76,5,10,77.6,1.5999999999999943
23,2,50,22.7,-0.3000000000000007
38,5,70,44.0,6.0
58,3,50,58.0,0.0
99,4,10,100.3,1.2999999999999972
9,4,70,31.0,22.0
82,4,90,85.0,3.0
62,5,70,68.0,6.0
19,6,90,49.0,30.0
34,4,50,37.0,3.0
36,3,90,37.0,1.0
86,0,70,77.0,-9.0
58,1,90,57.4,-0.6000000000000014
70,4,30,70.3,0.29999999999999716
58,3,10,58.0,0.0
3,2,90,2.7,-0.2999999999999998
74,6,90,83.0,9.0
27,6,30,36.0,9.0
28,3,30,28.0,0.0
25,0,30,16.0,-9.0
53,4,90,56.0,3.0
80,1,30,69.0,-11.0
64,1,50,58.0,-6.0
70,2,70,67.0,-3.0
74,1,70,68.0,-6.0
9,2,10,6.0,-3.0
70,0,70,61.0,-9.0
44,6,70,53.0,9.0
18,1,90,17.4,-0.6000000000000014
92,5,50,92.6,0.5999999999999943
27,1,30,21.0,-6.0
49,6,70,58.0,9.0
62,2,50,59.0,-3.0
32,2,90,31.7,-0.3000000000000007
32,0,70,31.1,-0.8999999999999986
71,2,10,51.0,-20.0
85,1,90,79.0,-6.0
24,3,30,24.0,0.0
51,3,90,51.0,0.0
95,2,50,92.0,-3.0
82,0,30,65.0,-17.0
83,0,70,74.0,-9.0
38,1,50,32.0,-6.0
29,4,10,29.3,0.3000000000000007
82,0,10,52.0,-30.0
1,3,70,2.0,1.0
15,0,70,14.1,-0.9000000000000004
33,1,10,15.0,-18.0
41,0,90,40.1,-0.8999999999999986
55,1,70,49.0,-6.0
48,5,90,55.0,7.0
78,5,90,84.0,6.0
61,5,90,67.0,6.0
89,6,10,90.9,1.9000000000000057
17,4,90,33.0,16.0
75,6,70,84.0,9.0
20,4,50,26.0,6.0
67,1,70,61.0,-6.0
44,2,50,41.0,-3.0
73,6,50,73.9,0.9000000000000057
54,5,70,60.0,6.0
29,5,90,48.0,19.0
81,3,10,82.0,1.0
11,2,10,8.0,-3.0
86,1,10,56.0,-30.0
92,1,90,86.0,-6.0
65,2,30,59.0,-6.0
38,3,10,38.0,0.0
92,5,90,98.0,6.0
63,2,90,62.7,-0.29999999999999716
50,2,10,35.0,-15.0
61,1,50,55.0,-6.0
10,5,90,40.0,30.0
29,1,30,23.0,-6.0
69,5,70,75.0,6.0
22,1,70,21.4,-0.6000000000000014
53,2,30,50.0,-3.0
71,6,10,72.9,1.9000000000000057
4,1,70,3.4,-0.6000000000000001
42,0,50,33.0,-9.0
43,5,70,49.0,6.0
36,3,30,36.0,0.0
33,4,50,36.0,3.0
90,6,10,91.9,1.9000000000000057
35,5,30,41.0,6.0
35,1,70,34.4,-0.6000000000000014
3,3,10,3.0,0.0
70,0,30,52.0,-18.0
40,3,30,40.0,0.0
87,3,30,88.0,1.0
20,0,70,19.1,-0.8999999999999986
29,6,90,57.0,28.0
4,4,70,34.0,30.0
39,6,90,58.0,19.0
98,1,30,81.0,-17.0
46,2,70,45.7,-0.29999999999999716
26,3,30,26.0,0.0
67,2,30,61.0,-6.0
39,5,90,52.0,13.0
9,5,50,39.0,30.0
11,6,70,41.0,30.0
5,2,10,2.0,-3.0
38,4,50,41.0,3.0
42,3,30,42.0,0.0
45,4,70,48.0,3.0
86,2,30,81.0,-5.0
13,1,30,12.4,-0.5999999999999996
15,0,90,14.1,-0.9000000000000004
35,3,50,35.0,0.0
56,0,50,47.0,-9.0
63,0,90,62.1,-0.8999999999999986
35,3,70,35.0,0.0
77,3,30,77.0,0.0
81,6,10,82.9,1.9000000000000057
95,5,90,100.0,5.0
44,5,70,50.0,6.0
36,2,90,35.7,-0.29999999999999716
50,2,70,49.7,-0.29999999999999716
73,5,50,73.6,0.5999999999999943
8,6,10,17.0,9.0
14,6,90,44.0,30.0
48,5,30,48.6,0.6000000000000014
36,0,90,35.1,-0.8999999999999986
20,5,10,26.0,6.0
95,0,30,69.0,-26.0
67,6,50,67.9,0.9000000000000057
46,2,30,43.0,-3.0
70,3,30,70.0,0.0
74,5,10,75.6,1.5999999999999943
99,2,70,96.0,-3.0
31,1,70,30.4,-0.6000000000000014
4,2,70,3.7,-0.2999999999999998
30,1,90,29.4,-0.6000000000000014
71,2,50,68.0,-3.0
9,0,30,8.1,-0.9000000000000004
75,3,50,75.0,0.0
38,4,30,41.0,3.0
79,6,90,88.0,9.0
28,4,70,35.0,7.0
48,3,50,48.0,0.0
92,3,90,92.0,0.0
58,2,90,57.7,-0.29999999999999716
18,4,90,34.0,16.0
83,0,50,74.0,-9.0
5,3,10,5.0,0.0
62,5,90,68.0,6.0
9,4,90,39.0,30.0
76,0,50,67.0,-9.0
85,6,90,94.0,9.0
88,1,30,77.0,-11.0
100,6,30,101.0,1.0
87,6,90,96.0,9.0
38,2,50,35.0,-3.0
55,0,30,46.0,-9.0
17,3,10,17.0,0.0
66,3,50,66.0,0.0
94,2,70,91.0,-3.0
88,2,90,85.0,-3.0
38,0,90,37.1,-0.8999999999999986
56,6,30,56.9,0.8999999999999986
53,5,50,59.0,6.0
84,1,10,54.0,-30.0
62,6,50,71.0,9.0
25,0,70,24.1,-0.8999999999999986
50,4,30,50.3,0.29999999999999716
8,4,90,38.0,30.0
18,6,90,48.0,30.0
30,3,70,31.0,1.0
77,2,30,71.0,-6.0
9,1,30,8.4,-0.5999999999999996
38,6,30,47.0,9.0
74,6,50,74.9,0.9000000000000057
9,4,10,12.0,3.0
54,3,90,54.0,0.0
42,2,50,39.0,-3.0
43,0,50,34.0,-9.0
81,5,10,82.6,1.5999999999999943
63,0,50,54.0,-9.0
52,6,70,61.0,9.0
2,6,10,11.0,9.0
75,1,30,63.0,-12.0
26,3,10,26.0,0.0
78,3,50,78.0,0.0
87,6,10,88.9,1.9000000000000057
64,1,30,52.0,-12.0
83,5,90,89.0,6.0
7,4,10,10.0,3.0
15,2,70,14.7,-0.3000000000000007
48,6,10,48.9,0.8999999999999986
76,6,50,76.9,0.9000000000000057
44,4,10,44.3,0.29999999999999716
57,6,30,57.9,0.8999999999999986
71,0,30,53.0,-18.0
29,4,90,39.0,10.0
24,6,30,33.0,9.0
90,4,70,90.3,0.29999999999999716
11,4,90,36.0,25.0
50,2,50,47.0,-3.0
71,4,70,74.0,3.0
75,6,90,84.0,9.0
27,5,90,46.0,19.0
38,5,30,44.0,6.0
85,0,10,55.0,-30.0
22,3,30,22.0,0.0
3,5,90,33.0,30.0
45,0,70,44.1,-0.8999999999999986
64,0,30,46.0,-18.0
25,5,30,31.0,6.0
27,0,10,9.0,-18.0
53,2,50,50.0,-3.0
46,0,10,16.0,-30.0
16,0,90,15.1,-0.9000000000000004
37,0,10,10.0,-27.0
62,3,70,62.0,0.0
19,1,30,13.0,-6.0
37,1,90,36.4,-0.6000000000000014
6,2,10,3.0,-3.0
99,0,90,90.0,-9.0
47,6,90,57.0,10.0
56,2,30,53.0,-3.0
27,4,30,30.0,3.0
42,1,30,36.0,-6.0
100,4,10,101.0,1.0
82,1,70,76.0,-6.0
44,6,10,44.9,0.8999999999999986
56,0,30,47.0,-9.0
95,6,90,100.0,5.0
37,2,70,36.7,-0.29999999999999716
70,1,90,69.4,-0.5999999999999943
18,2,50,17.7,-0.3000000000000007
54,2,30,51.0,-3.0
60,2,70,57.0,-3.0
5,2,30,4.7,-0.2999999999999998
51,5,10,51.6,0.6000000000000014
72,5,10,73.6,1.5999999999999943
53,3,50,53.0,0.0
65,1,70,59.0,-6.0
21,6,30,30.0,9.0
88,0,10,58.0,-30.0
64,5,90,70.0,6.0
91,6,50,91.9,0.9000000000000057
1,4,70,31.0,30.0
84,6,70,93.0,9.0
5,3,70,6.0,1.0
25,4,30,28.0,3.0
58,5,90,64.0,6.0
26,5,50,32.0,6.0
57,2,70,54.0,-3.0
36,1,10,18.0,-18.0
76,2,50,73.0,-3.0
13,4,90,32.0,19.0
98,6,30,99.9,1.9000000000000057
22,3,90,23.0,1.0
27,2,70,26.7,-0.3000000000000007
99,6,90,100.0,1.0
71,3,10,72.0,1.0
9,6,30,36.0,27.0
40,2,10,28.0,-12.0
16,4,70,29.0,13.0
67,5,50,67.6,0.5999999999999943
58,2,10,43.0,-15.0
79,3,70,79.0,0.0
9,5,30,27.0,18.0
9,1,50,8.4,-0.5999999999999996
20,5,90,45.0,25.0
9,5,70,39.0,30.0
76,0,90,67.0,-9.0
78,2,50,75.0,-3.0
64,5,10,65.6,1.5999999999999943
22,2,90,21.7,-0.3000000000000007
46,3,10,46.0,0.0
57,3,50,57.0,0.0
50,6,10,50.9,0.8999999999999986
37,1,30,31.0,-6.0
75,6,30,75.9,0.9000000000000057
58,4,90,61.0,3.0
26,6,70,45.0,19.0
52,5,90,58.0,6.0
3,3,30,3.0,0.0
96,5,70,96.6,0.5999999999999943
97,0,70,88.0,-9.0
83,6,50,83.9,0.9000000000000057
28,5,10,28.6,0.6000000000000014
1,2,70,0.7,-0.30000000000000004
25,6,70,44.0,19.0
24,0,70,23.1,-0.8999999999999986
99,5,10,100.6,1.5999999999999943
15,4,90,34.0,19.0
85,3,70,85.0,0.0
12,4,90,34.0,22.0
96,4,70,96.3,0.29999999999999716
39,1,50,33.0,-6.0
41,2,70,40.7,-0.29999999999999716
76,3,70,76.0,0.0
72,5,70,78.0,6.0
49,2,90,48.7,-0.29999999999999716
69,3,30,69.0,0.0
56,6,50,65.0,9.0
11,6,50,41.0,30.0
61,2,70,58.0,-3.0
74,1,30,62.0,-12.0
50,4,70,53.0,3.0
92,6,70,92.9,0.9000000000000057
62,5,50,68.0,6.0
75,5,10,76.6,1.5999999999999943
54,5,10,54.6,0.6000000000000014
40,5,70,46.0,6.0
16,5,50,34.0,18.0
93,6,10,94.9,1.9000000000000057
7,2,50,6.7,-0.2999999999999998
40,3,50,40.0,0.0
32,2,30,29.0,-3.0
87,4,30,88.3,1.2999999999999972
1,1,70,0.3999999999999999,-0.6000000000000001
59,0,30,50.0,-9.0
10,0,30,9.1,-0.9000000000000004
38,6,70,47.0,9.0
13,1,50,12.4,-0.5999999999999996
96,1,70,90.0,-6.0
4,0,10,0.0,-4.0
55,4,50,58.0,3.0
5,0,50,4.1,-0.9000000000000004
4,3,30,4.0,0.0
52,2,70,51.7,-0.29999999999999716
79,6,70,88.0,9.0
98,2,30,90.0,-8.0
34,6,90,53.0,19.0
87,5,30,88.6,1.5999999999999943
87,4,70,87.3,0.29999999999999716
78,4,30,78.3,0.29999999999999716
49,1,90,48.4,-0.6000000000000014
4,2,10,1.0,-3.0
56,2,70,53.0,-3.0
96,6,70,96.9,0.9000000000000057
93,2,50,90.0,-3.0
94,1,90,88.0,-6.0
99,1,90,93.0,-6.0
68,4,90,71.0,3.0
74,4,70,77.0,3.0
20,1,50,19.4,-0.6000000000000014
69,3,70,69.0,0.0
87,0,30,70.0,-17.0
32,4,90,39.0,7.0
60,0,30,42.0,-18.0
17,6,30,26.0,9.0
59,3,30,59.0,0.0
93,6,50,93.9,0.9000000000000057
85,6,10,86.9,1.9000000000000057
26,2,70,25.7,-0.3000000000000007
64,4,10,65.3,1.2999999999999972
86,2,50,83.0,-3.0
46,0,30,37.0,-9.0
66,1,90,65.4,-0.5999999999999943
49,6,90,59.0,10.0
7,0,70,6.1,-0.9000000000000004
23,1,70,22.4,-0.6000000000000014
92,4,70,92.3,0.29999999999999716
42,2,70,41.7,-0.29999999999999716
62,6,70,71.0,9.0
23,6,10,32.0,9.0
83,3,50,83.0,0.0
57,6,70,66.0,9.0
91,3,30,92.0,1.0
45,5,50,51.0,6.0
77,1,70,71.0,-6.0
89,5,30,90.6,1.5999999999999943
44,2,70,43.7,-0.29999999999999716
59,6,90,68.0,9.0
91,2,70,88.0,-3.0
39,2,70,38.7,-0.29999999999999716
8,5,70,38.0,30.0
3,0,30,2.0999999999999996,-0.9000000000000004
21,4,10,24.0,3.0
50,5,10,50.6,0.6000000000000014
32,0,50,31.1,-0.8999999999999986
12,1,90,11.4,-0.5999999999999996
17,4,70,30.0,13.0
97,5,30,98.6,1.5999999999999943
68,2,50,65.0,-3.0
68,3,90,68.0,0.0
15,2,10,12.0,-3.0
68,6,70,77.0,9.0
75,1,90,69.0,-6.0
100,1,90,94.0,-6.0
92,2,70,89.0,-3.0
66,6,50,66.9,0.9000000000000057
58,5,50,64.0,6.0
51,2,70,50.7,-0.29999999999999716
36,6,90,55.0,19.0
61,6,10,62.9,1.8999999999999986
64,2,10,47.0,-17.0
6,6,10,15.0,9.0
21,6,70,49.0,28.0
34,4,30,37.0,3.0
16,0,30,7.0,-9.0
79,4,10,80.3,1.2999999999999972
55,2,50,52.0,-3.0
26,4,70,33.0,7.0
11,5,50,35.0,24.0
45,3,90,46.0,1.0
64,0,70,55.0,-9.0
90,2,70,87.0,-3.0
68,0,30,50.0,-18.0
12,0,30,11.1,-0.9000000000000004
6,4,70,36.0,30.0
98,5,50,98.6,0.5999999999999943
49,5,90,56.0,7.0
31,0,10,4.0,-27.0
17,6,10,26.0,9.0
15,5,90,45.0,30.0
68,4,50,68.3,0.29999999999999716
47,3,70,47.0,0.0
81,6,50,81.9,0.9000000000000057
69,1,50,63.0,-6.0
13,1,90,12.4,-0.5999999999999996
31,6,70,49.0,18.0
60,0,50,51.0,-9.0
53,4,10,53.3,0.29999999999999716
6,6,50,36.0,30.0
15,0,30,6.0,-9.0
86,6,50,86.9,0.9000000000000057
52,4,90,55.0,3.0
56,2,50,53.0,-3.0
98,0,50,89.0,-9.0
23,4,50,29.0,6.0
89,1,30,78.0,-11.0
34,6,30,43.0,9.0
34,6,10,34.9,0.8999999999999986
45,2,10,33.0,-12.0
94,3,10,95.0,1.0
54,1,90,53.4,-0.6000000000000014
75,3,70,75.0,0.0
44,5,10,44.6,0.6000000000000014
41,2,10,29.0,-12.0
43,1,30,37.0,-6.0
83,0,90,74.0,-9.0
52,2,50,49.0,-3.0
3,2,70,2.7,-0.2999999999999998
79,6,10,80.9,1.9000000000000057
75,2,50,72.0,-3.0
1,4,10,4.0,3.0
55,3,10,55.0,0.0
47,3,50,47.0,0.0
64,3,50,64.0,0.0
76,5,90,82.0,6.0
41,1,10,17.0,-24.0
67,4,70,70.0,3.0
50,3,10,50.0,0.0
45,4,50,48.0,3.0
100,4,70,100.0,0.0
90,5,30,91.6,1.5999999999999943
67,4,50,67.3,0.29999999999999716
28,5,70,41.0,13.0
49,6,10,49.9,0.8999999999999986
94,0,30,68.0,-26.0
66,4,10,67.3,1.2999999999999972
26,1,70,25.4,-0.6000000000000014
32,2,70,31.7,-0.3000000000000007
5,3,30,5.0,0.0
77,0,30,59.0,-18.0
26,2,30,23.0,-3.0
100,6,50,101.0,1.0
61,4,70,64.0,3.0
44,1,50,38.0,-6.0
83,3,10,84.0,1.0
100,0,30,74.0,-26.0
85,2,50,82.0,-3.0
94,1,50,88.0,-6.0
58,6,10,58.9,0.8999999999999986
42,3,70,42.0,0.0
44,0,10,14.0,-30.0
70,4,50,70.3,0.29999999999999716
89,2,30,84.0,-5.0
14,0,70,13.1,-0.9000000000000004
79,2,70,76.0,-3.0
3,1,70,2.4,-0.6000000000000001
98,0,90,89.0,-9.0
88,6,30,89.9,1.9000000000000057
31,1,30,25.0,-6.0
26,6,30,35.0,9.0
65,1,10,35.0,-30.0
75,0,10,45.0,-30.0
90,5,90,96.0,6.0
11,6,10,20.0,9.0
28,0,50,27.1,-0.8999999999999986
91,6,30,92.9,1.9000000000000057
68,1,30,56.0,-12.0
80,3,90,80.0,0.0
21,3,10,21.0,0.0
67,6,10,68.9,1.9000000000000057
20,4,30,23.0,3.0
86,3,30,87.0,1.0
37,6,70,46.0,9.0
9,5,10,15.0,6.0
6,6,90,36.0,30.0
59,2,90,58.7,-0.29999999999999716
75,1,50,69.0,-6.0
100,0,90,91.0,-9.0
60,3,70,60.0,0.0
26,2,10,20.0,-6.0
89,6,70,89.9,0.9000000000000057
27,1,50,26.4,-0.6000000000000014
76,0,30,58.0,-18.0
62,6,30,62.9,0.8999999999999986
6,3,30,6.0,0.0
88,2,50,85.0,-3.0
69,0,70,60.0,-9.0
37,1,10,19.0,-18.0
14,5,70,44.0,30.0
76,2,90,73.0,-3.0
27,1,10,15.0,-12.0
87,4,50,87.3,0.29999999999999716
8,6,50,38.0,30.0
29,1,70,28.4,-0.6000000000000014
58,1,70,52.0,-6.0
36,4,10,36.3,0.29999999999999716
76,4,30,76.3,0.29999999999999716
17,2,30,14.0,-3.0
42,0,10,12.0,-30.0
69,5,10,70.6,1.5999999999999943
29,2,70,28.7,-0.3000000000000007
76,3,90,76.0,0.0
93,3,70,93.0,0.0
17,5,10,23.0,6.0
98,6,90,100.0,2.0
12,5,70,42.0,30.0
100,5,30,101.0,1.0
39,3,90,40.0,1.0
29,5,50,35.0,6.0
20,1,90,19.4,-0.6000000000000014
85,5,90,91.0,6.0
25,3,10,25.0,0.0
13,5,50,31.0,18.0
81,1,50,75.0,-6.0
25,5,10,25.6,0.6000000000000014
73,3,10,74.0,1.0
76,3,50,76.0,0.0
97,0,30,71.0,-26.0
80,2,90,77.0,-3.0
78,0,50,69.0,-9.0
57,0,10,27.0,-30.0
90,0,10,60.0,-30.0
84,3,70,84.0,0.0
36,4,50,39.0,3.0
9,2,90,8.7,-0.3000000000000007
45,1,50,39.0,-6.0
17,5,70,42.0,25.0
50,5,30,50.6,0.6000000000000014
37,4,30,40.0,3.0
57,0,50,48.0,-9.0
65,5,30,65.6,0.5999999999999943
78,0,70,69.0,-9.0
87,1,70,81.0,-6.0
73,5,70,79.0,6.0
57,1,50,51.0,-6.0
76,2,30,70.0,-6.0
41,3,50,41.0,0.0
13,1,10,7.0,-6.0
16,1,90,15.4,-0.5999999999999996
31,0,90,30.1,-0.8999999999999986
76,4,50,76.3,0.29999999999999716
84,2,10,61.0,-23.0
57,1,30,51.0,-6.0
51,4,10,51.3,0.29999999999999716
4,5,50,34.0,30.0
1,1,30,0.3999999999999999,-0.6000000000000001
89,5,10,90.6,1.5999999999999943
13,0,30,12.1,-0.9000000000000004
49,2,10,37.0,-12.0
89,4,50,89.3,0.29999999999999716
69,0,90,68.1,-0.9000000000000057
35,0,70,34.1,-0.8999999999999986
50,0,30,41.0,-9.0
40,0,70,39.1,-0.8999999999999986
16,6,30,25.0,9.0
69,2,10,52.0,-17.0
59,3,10,59.0,0.0
91,2,10,65.0,-26.0
90,1,90,84.0,-6.0
99,3,50,99.0,0.0
17,2,10,14.0,-3.0
11,0,50,10.1,-0.9000000000000004
3,4,30,33.0,30.0
72,0,50,63.0,-9.0
90,2,10,64.0,-26.0
34,3,10,34.0,0.0
66,6,70,75.0,9.0
37,5,10,37.6,0.6000000000000014
70,5,50,70.6,0.5999999999999943
82,2,30,77.0,-5.0
54,5,50,60.0,6.0
58,5,10,58.6,0.6000000000000014
54,6,90,63.0,9.0
71,6,30,71.9,0.9000000000000057
46,3,30,46.0,0.0
61,0,90,60.1,-0.8999999999999986
20,6,50,38.0,18.0
84,2,50,81.0,-3.0
10,6,70,40.0,30.0
61,0,50,52.0,-9.0
99,5,30,100.6,1.5999999999999943
81,5,90,87.0,6.0
73,3,70,73.0,0.0
33,3,50,33.0,0.0
65,1,30,53.0,-12.0
78,4,70,81.0,3.0
57,5,70,63.0,6.0
95,3,50,95.0,0.0
95,0,10,65.0,-30.0
49,6,30,49.9,0.8999999999999986
39,1,90,38.4,-0.6000000000000014
83,5,50,83.6,0.5999999999999943
13,6,70,43.0,30.0
27,0,70,26.1,-0.8999999999999986
68,2,90,67.7,-0.29999999999999716
35,1,90,34.4,-0.6000000000000014
55,6,90,64.0,9.0
37,2,90,36.7,-0.29999999999999716
66,2,50,63.0,-3.0
2,0,50,1.0999999999999999,-0.9000000000000001
28,5,90,47.0,19.0
93,2,90,90.0,-3.0
29,0,70,28.1,-0.8999999999999986
36,4,90,43.0,7.0
68,1,70,62.0,-6.0
41,3,70,41.0,0.0
37,4,90,44.0,7.0
45,4,10,45.3,0.29999999999999716
2,0,90,1.0999999999999999,-0.9000000000000001
43,3,30,43.0,0.0
65,0,50,56.0,-9.0
5,5,90,35.0,30.0
39,5,10,39.6,0.6000000000000014
22,0,50,21.1,-0.8999999999999986
69,5,30,69.6,0.5999999999999943
90,6,90,99.0,9.0
48,5,50,54.0,6.0
45,4,90,52.0,7.0
67,0,10,37.0,-30.0
19,0,90,18.1,-0.8999999999999986
89,2,10,66.0,-23.0
67,2,10,50.0,-17.0
47,6,10,47.9,0.8999999999999986
37,6,10,37.9,0.8999999999999986
78,6,10,79.9,1.9000000000000057
40,3,10,40.0,0.0
56,1,70,50.0,-6.0
17,3,90,18.0,1.0
10,2,70,9.7,-0.3000000000000007
62,3,90,62.0,0.0
59,0,10,29.0,-30.0
26,3,50,26.0,0.0
33,4,70,39.0,6.0
23,2,10,20.0,-3.0
73,1,10,43.0,-30.0
63,3,90,63.0,0.0
5,3,90,7.0,2.0
1,0,50,0.09999999999999987,-0.9000000000000001
25,1,90,24.4,-0.6000000000000014
61,1,70,55.0,-6.0
46,4,30,46.3,0.29999999999999716
51,5,30,51.6,0.6000000000000014
55,4,70,58.0,3.0
30,5,70,43.0,13.0
45,0,90,44.1,-0.8999999999999986
72,4,10,73.3,1.2999999999999972
2,3,70,3.0,1.0
97,2,50,94.0,-3.0
55,4,30,55.3,0.29999999999999716
99,2,30,91.0,-8.0
24,3,90,25.0,1.0
90,3,50,90.0,0.0
40,4,90,47.0,7.0
87,3,10,88.0,1.0
65,6,30,65.9,0.9000000000000057
46,6,50,55.0,9.0
46,3,90,47.0,1.0
23,0,30,14.0,-9.0
54,2,70,53.7,-0.29999999999999716
32,0,10,5.0,-27.0
73,4,70,76.0,3.0
38,6,10,38.9,0.8999999999999986
42,5,70,48.0,6.0
24,0,30,15.0,-9.0
89,6,90,98.0,9.0
63,1,70,57.0,-6.0
72,3,30,72.0,0.0
99,1,70,93.0,-6.0
28,3,70,29.0,1.0
12,2,70,11.7,-0.3000000000000007
94,4,90,97.0,3.0
21,0,90,20.1,-0.8999999999999986
13,2,30,12.7,-0.3000000000000007
9,2,50,8.7,-0.3000000000000007
95,2,70,92.0,-3.0
5,1,10,0.0,-5.0
59,0,70,50.0,-9.0
71,4,30,71.3,0.29999999999999716
34,2,10,25.0,-9.0
59,4,10,59.3,0.29999999999999716
77,5,50,77.6,0.5999999999999943
10,4,90,39.0,29.0
61,4,30,61.3,0.29999999999999716
8,4,10,11.0,3.0
89,1,70,83.0,-6.0
51,4,30,51.3,0.29999999999999716
8,5,30,26.0,18.0
20,6,30,29.0,9.0
100,0,50,83.0,-17.0
7,6,90,37.0,30.0
94,5,70,94.6,0.5999999999999943
14,4,30,20.0,6.0
59,0,50,50.0,-9.0
92,6,30,93.9,1.9000000000000057
90,0,50,81.0,-9.0
24,1,70,23.4,-0.6000000000000014
55,4,90,58.0,3.0
85,3,30,86.0,1.0
100,4,30,101.0,1.0
52,3,90,52.0,0.0
73,4,10,74.3,1.2999999999999972
8,1,10,2.0,-6.0
16,4,10,19.0,3.0
22,0,70,21.1,-0.8999999999999986
9,6,10,18.0,9.0
33,2,30,30.0,-3.0
42,2,90,41.7,-0.29999999999999716
97,6,50,97.9,0.9000000000000057
1,3,10,1.0,0.0
88,5,50,88.6,0.5999999999999943
71,3,30,71.0,0.0
81,3,90,81.0,0.0
11,2,70,10.7,-0.3000000000000007
6,1,50,5.4,-0.5999999999999996
35,0,90,34.1,-0.8999999999999986
76,5,30,76.6,0.5999999999999943
33,0,30,24.0,-9.0
34,5,50,40.0,6.0
74,4,10,75.3,1.2999999999999972
18,3,90,19.0,1.0
42,6,30,51.0,9.0
12,3,30,12.0,0.0
27,4,90,37.0,10.0
67,2,50,64.0,-3.0
67,1,30,55.0,-12.0
21,5,30,27.0,6.0
24,4,30,27.0,3.0
44,3,30,44.0,0.0
4,6,30,34.0,30.0
18,6,70,46.0,28.0
10,3,90,12.0,2.0
12,1,10,6.0,-6.0
78,0,30,60.0,-18.0
52,6,50,61.0,9.0
90,6,70,90.9,0.9000000000000057
21,2,10,18.0,-3.0
30,4,90,40.0,10.0
92,1,70,86.0,-6.0
87,3,50,87.0,0.0
45,4,30,45.3,0.29999999999999716
92,6,50,92.9,0.9000000000000057
84,6,10,85.9,1.9000000000000057
32,5,50,38.0,6.0
35,6,70,53.0,18.0
67,6,90,76.0,9.0
44,0,70,43.1,-0.8999999999999986
51,0,10,21.0,-30.0
97,4,30,98.3,1.2999999999999972
10,4,70,32.0,22.0
7,1,10,1.0,-6.0
39,2,30,36.0,-3.0
84,4,90,87.0,3.0
94,3,90,94.0,0.0
65,6,70,74.0,9.0
97,1,50,91.0,-6.0
68,5,90,74.0,6.0
3,6,30,33.0,30.0
72,6,90,81.0,9.0
5,6,30,35.0,30.0
4,0,50,3.0999999999999996,-0.9000000000000004
71,2,90,70.7,-0.29999999999999716
100,3,70,100.0,0.0
74,4,50,74.3,0.29999999999999716
68,0,50,59.0,-9.0
76,6,90,85.0,9.0
86,6,30,87.9,1.9000000000000057
68,1,90,67.4,-0.5999999999999943
76,1,90,70.0,-6.0
78,6,70,87.0,9.0
93,1,70,87.0,-6.0
30,5,10,30.6,0.6000000000000014
61,4,10,62.3,1.2999999999999972
44,3,90,45.0,1.0
86,2,10,63.0,-23.0
14,5,30,26.0,12.0
72,2,70,69.0,-3.0
75,0,90,66.0,-9.0
51,2,50,48.0,-3.0
82,3,90,82.0,0.0
85,4,50,85.3,0.29999999999999716
70,2,90,69.7,-0.29999999999999716
69,3,90,69.0,0.0
12,4,10,15.0,3.0
22,4,50,28.0,6.0
75,5,90,81.0,6.0
3,5,50,33.0,30.0
39,0,70,38.1,-0.8999999999999986
80,3,70,80.0,0.0
93,2,70,90.0,-3.0
66,6,90,75.0,9.0
59,5,70,65.0,6.0
71,3,70,71.0,0.0
5,1,70,4.4,-0.5999999999999996
1,5,70,31.0,30.0
69,4,30,69.3,0.29999999999999716
67,0,50,58.0,-9.0
20,5,50,32.0,12.0
40,4,30,43.0,3.0
53,5,10,53.6,0.6000000000000014
69,4,90,72.0,3.0
46,4,90,50.0,4.0
21,0,30,12.0,-9.0
49,5,70,55.0,6.0
13,6,90,43.0,30.0
59,2,10,44.0,-15.0
88,5,30,89.6,1.5999999999999943
18,2,90,17.7,-0.3000000000000007
5,5,50,35.0,30.0
21,6,10,30.0,9.0
73,1,70,67.0,-6.0
90,3,70,90.0,0.0
67,3,90,67.0,0.0
47,2,50,44.0,-3.0
17,5,50,29.0,12.0
41,0,30,32.0,-9.0
49,4,10,49.3,0.29999999999999716
92,0,90,83.0,-9.0
79,5,90,85.0,6.0
40,2,90,39.7,-0.29999999999999716
60,4,90,63.0,3.0
63,1,10,33.0,-30.0
73,2,30,67.0,-6.0
65,3,30,65.0,0.0
82,1,10,52.0,-30.0
13,4,30,19.0,6.0
59,4,30,59.3,0.29999999999999716
38,1,30,32.0,-6.0
85,4,10,86.3,1.2999999999999972
38,1,90,37.4,-0.6000000000000014
7,5,30,31.0,24.0
15,6,10,24.0,9.0
22,0,10,13.0,-9.0
89,3,30,90.0,1.0
61,1,30,49.0,-12.0
17,6,50,35.0,18.0
38,1,70,37.4,-0.6000000000000014
40,4,50,43.0,3.0
66,1,30,54.0,-12.0
75,3,10,76.0,1.0
94,0,10,64.0,-30.0
26,5,90,45.0,19.0
85,5,10,86.6,1.5999999999999943
37,3,90,38.0,1.0
90,5,10,91.6,1.5999999999999943
96,6,50,96.9,0.9000000000000057
80,3,30,81.0,1.0
91,2,50,88.0,-3.0
84,3,90,84.0,0.0
21,1,30,15.0,-6.0
89,0,30,72.0,-17.0
22,2,10,19.0,-3.0
56,2,90,55.7,-0.29999999999999716
66,5,90,72.0,6.0
15,4,70,28.0,13.0
3,2,30,2.7,-0.2999999999999998
38,2,70,37.7,-0.29999999999999716
83,6,70,92.0,9.0
27,0,90,26.1,-0.8999999999999986
93,0,50,84.0,-9.0
92,4,30,93.3,1.2999999999999972
23,0,90,22.1,-0.8999999999999986
10,2,90,9.7,-0.3000000000000007
59,4,90,62.0,3.0
58,1,30,52.0,-6.0
27,6,70,46.0,19.0
24,3,50,24.0,0.0
26,6,90,54.0,28.0
6,1,30,5.4,-0.5999999999999996
5,4,90,35.0,30.0
44,3,70,44.0,0.0
13,6,30,31.0,18.0
38,3,30,38.0,0.0
32,5,30,38.0,6.0
83,6,10,84.9,1.9000000000000057
37,5,50,43.0,6.0
10,2,50,9.7,-0.3000000000000007
52,1,10,22.0,-30.0
89,3,70,89.0,0.0
58,2,50,55.0,-3.0
54,0,70,53.1,-0.8999999999999986
9,6,50,39.0,30.0
24,5,50,36.0,12.0
35,2,30,32.0,-3.0
95,3,90,95.0,0.0
66,5,70,72.0,6.0
61,6,90,70.0,9.0
64,0,90,63.1,-0.8999999999999986
83,5,70,89.0,6.0
43,2,30,40.0,-3.0
23,1,50,22.4,-0.6000000000000014
23,5,90,42.0,19.0
2,3,90,4.0,2.0
55,6,10,55.9,0.8999999999999986
87,0,90,78.0,-9.0
90,0,30,64.0,-26.0
49,4,30,49.3,0.29999999999999716
62,5,30,62.6,0.6000000000000014
94,4,30,95.3,1.2999999999999972
29,1,50,28.4,-0.6000000000000014
73,0,50,64.0,-9.0
40,5,90,53.0,13.0
22,6,70,50.0,28.0
89,3,10,90.0,1.0
9,1,10,3.0,-6.0
88,6,70,88.9,0.9000000000000057
13,1,70,12.4,-0.5999999999999996
60,2,90,59.7,-0.29999999999999716
21,4,50,27.0,6.0
28,1,30,22.0,-6.0
65,4,50,65.3,0.29999999999999716
29,1,90,28.4,-0.6000000000000014
94,0,90,85.0,-9.0
68,6,10,69.9,1.9000000000000057
10,2,30,9.7,-0.3000000000000007
40,3,70,40.0,0.0
50,1,90,49.4,-0.6000000000000014
32,0,30,23.0,-9.0
10,5,30,28.0,18.0
5,1,50,4.4,-0.5999999999999996
78,6,50,78.9,0.9000000000000057
32,4,50,35.0,3.0
25,1,70,24.4,-0.6000000000000014
28,4,30,31.0,3.0
82,6,70,91.0,9.0
63,6,70,72.0,9.0
19,6,30,28.0,9.0
29,4,50,32.0,3.0
96,1,50,90.0,-6.0
87,3,70,87.0,0.0
79,0,50,70.0,-9.0
89,3,50,89.0,0.0
54,4,90,57.0,3.0
94,6,50,94.9,0.9000000000000057
35,2,70,34.7,-0.29999999999999716
57,6,10,57.9,0.8999999999999986
1,4,90,31.0,30.0
94,5,10,95.6,1.5999999999999943
68,5,50,68.6,0.5999999999999943
100,2,30,92.0,-8.0
77,5,30,77.6,0.5999999999999943
26,0,10,8.0,-18.0
90,5,70,90.6,0.5999999999999943
27,5,70,40.0,13.0
84,2,70,81.0,-3.0
100,0,10,70.0,-30.0
12,0,10,3.0,-9.0
95,0,50,86.0,-9.0
92,5,30,93.6,1.5999999999999943
74,3,30,74.0,0.0
66,3,30,66.0,0.0
82,5,30,83.6,1.5999999999999943
27,5,30,33.0,6.0
86,6,70,86.9,0.9000000000000057
68,3,10,69.0,1.0
98,3,30,99.0,1.0
39,0,50,30.0,-9.0
56,1,90,55.4,-0.6000000000000014
27,5,10,27.6,0.6000000000000014
17,1,30,11.0,-6.0
53,6,90,62.0,9.0
99,1,50,93.0,-6.0
48,0,10,18.0,-30.0
71,6,70,80.0,9.0
52,1,50,46.0,-6.0
41,6,10,41.9,0.8999999999999986
78,2,70,75.0,-3.0
29,6,70,48.0,19.0
56,0,70,47.0,-9.0
76,1,30,64.0,-12.0
4,4,30,25.0,21.0
93,1,30,76.0,-17.0
39,3,50,39.0,0.0
11,1,10,5.0,-6.0
24,4,50,30.0,6.0
47,5,90,54.0,7.0
29,0,90,28.1,-0.8999999999999986
63,3,70,63.0,0.0
85,6,50,85.9,0.9000000000000057
11,2,50,10.7,-0.3000000000000007
68,0,90,67.1,-0.9000000000000057
10,6,10,19.0,9.0
69,6,30,69.9,0.9000000000000057
85,4,70,85.3,0.29999999999999716
21,2,30,18.0,-3.0
69,6,90,78.0,9.0
1,2,10,0.0,-1.0
81,2,70,78.0,-3.0
61,3,30,61.0,0.0
53,2,90,52.7,-0.29999999999999716
23,4,70,33.0,10.0
93,1,50,87.0,-6.0
3,4,90,33.0,30.0
4,4,90,34.0,30.0
68,5,30,68.6,0.5999999999999943
75,5,70,81.0,6.0
97,5,90,100.0,3.0
65,4,70,68.0,3.0
55,2,10,40.0,-15.0
74,1,50,68.0,-6.0
80,4,90,83.0,3.0
56,1,50,50.0,-6.0
72,5,90,78.0,6.0
54,2,10,39.0,-15.0
48,2,70,47.7,-0.29999999999999716
15,5,30,21.0,6.0
54,0,50,45.0,-9.0
65,0,70,56.0,-9.0
37,3,50,37.0,0.0
97,2,90,94.0,-3.0
28,1,10,16.0,-12.0
33,0,10,6.0,-27.0
63,6,90,72.0,9.0
12,6,90,42.0,30.0
27,2,50,26.7,-0.3000000000000007
74,3,90,74.0,0.0
14,4,50,23.0,9.0
59,1,10,29.0,-30.0
79,5,30,79.6,0.5999999999999943
49,2,50,46.0,-3.0
74,6,70,83.0,9.0
43,0,30,34.0,-9.0
35,2,50,32.0,-3.0
48,4,90,52.0,4.0
93,4,10,94.3,1.2999999999999972
57,2,10,42.0,-15.0
62,3,30,62.0,0.0
24,3,10,24.0,0.0
58,0,50,49.0,-9.0
96,4,10,97.3,1.2999999999999972
36,4,70,39.0,3.0
74,3,10,75.0,1.0
90,6,30,91.9,1.9000000000000057
63,4,10,64.3,1.2999999999999972
88,0,70,79.0,-9.0
30,6,30,39.0,9.0
54,6,70,63.0,9.0
18,4,10,21.0,3.0
38,4,70,41.0,3.0
97,1,10,67.0,-30.0
98,1,50,92.0,-6.0
98,4,10,99.3,1.2999999999999972
62,0,30,44.0,-18.0
92,0,10,62.0,-30.0
51,4,50,54.0,3.0
99,2,50,96.0,-3.0
4,5,30,34.0,30.0
3,1,50,2.4,-0.6000000000000001
59,4,50,62.0,3.0
21,4,90,34.0,13.0
38,3,90,39.0,1.0
53,6,30,53.9,0.8999999999999986
98,2,70,95.0,-3.0
77,4,50,77.3,0.29999999999999716
83,4,70,86.0,3.0
40,1,50,34.0,-6.0
54,0,10,24.0,-30.0
38,4,90,45.0,7.0
96,5,50,96.6,0.5999999999999943
73,4,30,73.3,0.29999999999999716
11,5,10,17.0,6.0
55,3,70,55.0,0.0
10,3,70,11.0,1.0
100,2,50,95.0,-5.0
77,5,70,83.0,6.0
68,4,10,69.3,1.2999999999999972
46,5,90,53.0,7.0
32,6,70,50.0,18.0
95,1,90,89.0,-6.0
56,3,70,56.0,0.0
76,4,10,77.3,1.2999999999999972
68,6,30,68.9,0.9000000000000057
84,6,30,85.9,1.9000000000000057
39,2,50,36.0,-3.0
10,1,10,4.0,-6.0
47,1,90,46.4,-0.6000000000000014
82,2,50,79.0,-3.0
59,6,10,59.9,0.8999999999999986
64,2,90,63.7,-0.29999999999999716
48,5,70,54.0,6.0
56,3,50,56.0,0.0
8,3,10,8.0,0.0
79,2,50,76.0,-3.0
59,1,90,58.4,-0.6000000000000014
20,4,90,33.0,13.0
26,5,30,32.0,6.0
66,6,30,66.9,0.9000000000000057
58,6,30,58.9,0.8999999999999986
4,6,70,34.0,30.0
55,5,50,61.0,6.0
53,1,70,52.4,-0.6000000000000014
45,6,70,54.0,9.0
10,0,90,9.1,-0.9000000000000004
19,4,70,29.0,10.0
62,0,50,53.0,-9.0
78,2,90,75.0,-3.0
16,6,70,46.0,30.0
63,3,50,63.0,0.0
4,1,50,3.4,-0.6000000000000001
16,1,30,10.0,-6.0
7,2,90,6.7,-0.2999999999999998
21,4,70,31.0,10.0
81,5,30,82.6,1.5999999999999943
86,4,30,87.3,1.2999999999999972
41,6,70,50.0,9.0
68,5,70,74.0,6.0
78,4,50,78.3,0.29999999999999716
80,5,30,81.6,1.5999999999999943
42,4,70,45.0,3.0
91,0,30,65.0,-26.0
25,1,30,19.0,-6.0
6,3,70,7.0,1.0
42,5,90,55.0,13.0
28,0,30,19.0,-9.0
58,5,30,58.6,0.6000000000000014
47,3,90,48.0,1.0
4,2,50,3.7,-0.2999999999999998
19,3,10,19.0,0.0
54,3,10,54.0,0.0
1,0,70,0.09999999999999987,-0.9000000000000001
3,0,90,2.0999999999999996,-0.9000000000000004
51,1,10,21.0,-30.0
14,2,50,13.7,-0.3000000000000007
1,1,10,0.0,-1.0
36,4,30,39.0,3.0
27,1,90,26.4,-0.6000000000000014
7,3,70,8.0,1.0
31,2,70,30.7,-0.3000000000000007
7,6,50,37.0,30.0
77,0,90,68.0,-9.0
34,1,10,16.0,-18.0
84,4,70,87.0,3.0
100,5,90,100.0,0.0
44,4,30,47.0,3.0
46,6,10,46.9,0.8999999999999986
93,6,30,94.9,1.9000000000000057
100,1,70,94.0,-6.0
78,4,10,79.3,1.2999999999999972
85,5,30,86.6,1.5999999999999943
57,5,90,63.0,6.0
79,2,10,59.0,-20.0
68,3,50,68.0,0.0
57,3,10,57.0,0.0
51,2,30,48.0,-3.0
38,2,10,29.0,-9.0
45,0,30,36.0,-9.0
71,4,50,71.3,0.29999999999999716
18,5,50,30.0,12.0
78,1,10,48.0,-30.0
43,4,70,46.0,3.0
4,1,10,0.0,-4.0
66,0,10,36.0,-30.0
76,4,70,79.0,3.0
34,2,90,33.7,-0.29999999999999716
82,5,90,88.0,6.0
7,4,50,29.0,22.0
2,6,30,32.0,30.0
91,1,70,85.0,-6.0
60,1,50,54.0,-6.0
63,4,50,66.0,3.0
16,2,30,13.0,-3.0
4,4,10,7.0,3.0
61,6,70,70.0,9.0
36,5,90,49.0,13.0
83,4,30,84.3,1.2999999999999972
57,3,30,57.0,0.0
82,6,10,83.9,1.9000000000000057
78,3,90,78.0,0.0
60,2,10,43.0,-17.0
14,5,90,44.0,30.0
48,1,90,47.4,-0.6000000000000014
90,1,30,73.0,-17.0
76,4,90,79.0,3.0
81,0,10,51.0,-30.0
51,4,90,54.0,3.0
69,6,10,70.9,1.9000000000000057
27,1,70,26.4,-0.6000000000000014
48,0,30,39.0,-9.0
30,2,30,27.0,-3.0
30,3,10,30.0,0.0
26,1,50,25.4,-0.6000000000000014
39,1,10,21.0,-18.0
92,5,70,92.6,0.5999999999999943
11,2,90,10.7,-0.3000000000000007
61,5,10,62.6,1.6000000000000014
1,5,50,31.0,30.0
14,3,70,15.0,1.0
16,0,10,7.0,-9.0
21,5,10,27.0,6.0
2,4,10,5.0,3.0
19,1,70,18.4,-0.6000000000000014
9,4,50,25.0,16.0
87,6,50,87.9,0.9000000000000057
37,3,30,37.0,0.0
88,5,90,94.0,6.0
18,5,90,48.0,30.0
59,5,10,59.6,0.6000000000000014
37,4,10,37.3,0.29999999999999716
30,6,90,58.0,28.0
10,4,30,19.0,9.0
2,2,50,1.7,-0.30000000000000004
4,0,30,3.0999999999999996,-0.9000000000000004
69,3,50,69.0,0.0
31,5,90,44.0,13.0
66,2,30,60.0,-6.0
65,4,30,65.3,0.29999999999999716
33,4,90,40.0,7.0
80,3,10,81.0,1.0
66,4,30,66.3,0.29999999999999716
53,3,30,53.0,0.0
51,0,70,50.1,-0.8999999999999986
32,3,30,32.0,0.0
57,1,70,51.0,-6.0
76,6,10,77.9,1.9000000000000057
92,3,10,93.0,1.0
15,6,70,45.0,30.0
66,1,10,36.0,-30.0
41,5,70,47.0,6.0
74,5,30,74.6,0.5999999999999943
87,6,30,88.9,1.9000000000000057
18,1,70,17.4,-0.6000000000000014
43,3,90,44.0,1.0
79,1,90,73.0,-6.0
2,5,10,8.0,6.0
92,4,50,92.3,0.29999999999999716
20,1,30,14.0,-6.0
3,4,50,33.0,30.0
20,0,30,11.0,-9.0
54,6,50,63.0,9.0
9,0,10,0.0,-9.0
50,0,90,49.1,-0.8999999999999986
11,1,90,10.4,-0.5999999999999996
26,4,90,36.0,10.0
56,2,10,41.0,-15.0
57,6,90,66.0,9.0
78,0,90,69.0,-9.0
22,5,10,28.0,6.0
62,4,70,65.0,3.0
88,2,70,85.0,-3.0
2,1,50,1.4,-0.6000000000000001
63,0,70,54.0,-9.0
6,5,90,36.0,30.0
43,0,70,42.1,-0.8999999999999986
61,0,10,31.0,-30.0
75,0,70,66.0,-9.0
2,6,70,32.0,30.0
54,4,10,54.3,0.29999999999999716
80,1,50,74.0,-6.0
64,5,30,64.6,0.5999999999999943
4,6,50,34.0,30.0
23,5,30,29.0,6.0
63,2,10,46.0,-17.0
61,5,70,67.0,6.0
22,4,70,32.0,10.0
16,3,30,16.0,0.0
30,0,90,29.1,-0.8999999999999986
77,2,90,74.0,-3.0
5,5,10,11.0,6.0
8,0,70,7.1,-0.9000000000000004
39,0,30,30.0,-9.0
58,4,50,61.0,3.0
13,5,30,25.0,12.0
71,6,50,71.9,0.9000000000000057
39,5,70,45.0,6.0
62,2,10,45.0,-17.0
38,6,90,57.0,19.0
98,0,10,68.0,-30.0
62,3,10,63.0,1.0
13,2,90,12.7,-0.3000000000000007
61,4,50,64.0,3.0
17,3,50,17.0,0.0
80,4,10,81.3,1.2999999999999972
92,2,90,89.0,-3.0
70,6,70,79.0,9.0
53,5,70,59.0,6.0
22,5,50,34.0,12.0
12,0,70,11.1,-0.9000000000000004
7,5,10,13.0,6.0
87,5,90,93.0,6.0
57,4,90,60.0,3.0
8,4,50,27.0,19.0
23,0,10,14.0,-9.0
62,6,10,63.9,1.8999999999999986
13,3,50,13.0,0.0
20,1,70,19.4,-0.6000000000000014
8,0,90,7.1,-0.9000000000000004
63,6,30,63.9,0.8999999999999986
45,6,90,64.0,19.0
62,1,50,56.0,-6.0
60,3,30,60.0,0.0
88,1,70,82.0,-6.0
86,3,90,86.0,0.0
92,2,50,89.0,-3.0
13,5,70,43.0,30.0
42,6,90,61.0,19.0
21,3,30,21.0,0.0
80,5,70,86.0,6.0
88,0,90,79.0,-9.0
59,3,70,59.0,0.0
55,2,30,52.0,-3.0
84,0,50,75.0,-9.0
34,2,70,33.7,-0.29999999999999716
3,2,50,2.7,-0.2999999999999998
81,4,30,82.3,1.2999999999999972
42,5,10,42.6,0.6000000000000014
55,0,70,46.0,-9.0
48,4,70,51.0,3.0
58,1,10,28.0,-30.0
14,4,10,17.0,3.0
15,5,50,33.0,18.0
12,3,90,13.0,1.0
11,6,90,41.0,30.0
81,6,30,82.9,1.9000000000000057
62,3,50,62.0,0.0
47,4,70,50.0,3.0
96,2,10,70.0,-26.0
20,4,70,30.0,10.0
36,3,10,36.0,0.0
2,5,50,32.0,30.0
25,2,50,24.7,-0.3000000000000007
92,4,90,95.0,3.0
83,2,70,80.0,-3.0
37,0,50,28.0,-9.0
7,2,70,6.7,-0.2999999999999998
63,4,70,66.0,3.0
11,4,70,30.0,19.0
53,0,90,52.1,-0.8999999999999986
85,2,90,82.0,-3.0
96,4,50,96.3,0.29999999999999716
87,4,10,88.3,1.2999999999999972
90,3,30,91.0,1.0
1,1,90,0.3999999999999999,-0.6000000000000001
72,2,50,69.0,-3.0
56,3,90,56.0,0.0
53,3,70,53.0,0.0
21,1,70,20.4,-0.6000000000000014
8,2,10,5.0,-3.0
47,1,50,41.0,-6.0
12,0,90,11.1,-0.9000000000000004
46,1,30,40.0,-6.0
27,2,90,26.7,-0.3000000000000007
72,4,70,75.0,3.0
59,1,30,53.0,-6.0
80,6,70,89.0,9.0
35,6,90,54.0,19.0
73,5,90,79.0,6.0
56,4,30,56.3,0.29999999999999716
22,0,90,21.1,-0.8999999999999986
2,1,10,0.0,-2.0
25,5,70,38.0,13.0
16,2,90,15.7,-0.3000000000000007
79,3,10,80.0,1.0
84,3,50,84.0,0.0
78,5,70,84.0,6.0
40,1,30,34.0,-6.0
33,5,10,33.6,0.6000000000000014
30,3,30,30.0,0.0
11,4,50,23.0,12.0
20,0,50,19.1,-0.8999999999999986
11,1,50,10.4,-0.5999999999999996
28,4,50,31.0,3.0
39,4,70,42.0,3.0
30,4,10,30.3,0.3000000000000007
14,3,10,14.0,0.0
87,2,70,84.0,-3.0
40,6,30,49.0,9.0
88,2,30,83.0,-5.0
45,1,90,44.4,-0.6000000000000014
36,6,30,45.0,9.0
60,5,90,66.0,6.0
45,3,10,45.0,0.0
87,1,50,81.0,-6.0
36,5,10,36.6,0.6000000000000014
49,3,90,50.0,1.0
36,5,50,42.0,6.0
93,5,50,93.6,0.5999999999999943
3,1,90,2.4,-0.6000000000000001
34,3,50,34.0,0.0
24,1,90,23.4,-0.6000000000000014
53,6,50,62.0,9.0
64,3,10,65.0,1.0
78,4,90,81.0,3.0
97,2,10,71.0,-26.0
61,1,10,31.0,-30.0
4,5,70,34.0,30.0
33,4,10,33.3,0.29999999999999716
27,4,70,34.0,7.0
27,3,70,28.0,1.0
24,3,70,25.0,1.0
